gene,abundance
YKL060C,20543
YHR174W,15998
YCR012W,15913
YAL038W,14914
YGR192C,13635
YLR044C,11472
YLL024C,10528
YGL008C,10216
YLR249W,10074
YBR118W,8169
YLR355C,7965
YOL086C,7531
YKL152C,7342
YPR080W,7233
YPL061W,5978
YAL005C,5396
YPL079W,5391
YDR382W,5346
YER091C,5328
YMR116C,5318
YNL030W,5290
YGR254W,4967
YIL053W,4643
YML028W,4440
YGL076C,4341
YJR104C,4295
YNL209W,4273
YJR009C,4220
YPL240C,4197
YDL136W,4188
YDL191W,4151
YMR186W,4137
YER131W,4094
YLR109W,4084
YER070W,4052
YML063W,3917
YOR096W,3893
YOR063W,3886
YBR009C,3820
YPR035W,3794
YBL002W,3666
YGL135W,3626
YBR048W,3582
YLL045C,3508
YDR050C,3446
YHL033C,3415
YGL031C,3414
YDL055C,3349
YDR025W,3347
YBR196C,3343
YOL039W,3326
YGR234W,3315
YLR134W,3308
YOR369C,3217
YER043C,3205
YHR183W,3195
YGL253W,3086
YDR385W,2971
YGR034W,2919
YJL034W,2906
YGR027C,2850
YPL106C,2797
YDR012W,2730
YGR148C,2704
YGL103W,2673
YER165W,2652
YDL229W,2615
YKL081W,2602
YDR353W,2570
YNL055C,2529
YDR155C,2500
YHR203C,2495
YDL185W,2494
YLR110C,2472
YNL067W,2440
YBL027W,2357
YHL015W,2336
YKL216W,2335
YGL147C,2332
YNL178W,2327
YML123C,2318
YPL220W,2280
YHR027C,2280
YJL052W,2250
YLR180W,2217
YLR354C,2188
YBR189W,2167
YAL003W,2155
YLR075W,2090
YLR153C,2083
YER177W,2057
YOR375C,2014
YIL051C,2010
YNL301C,2001
YPR132W,1974
YOR133W,1973
YLR167W,1949
YJR016C,1944
YGR118W,1926
YMR142C,1924
YKL182W,1923
YDR226W,1917
YNL069C,1894
YML024W,1881
YKL006W,1800
YNL064C,1788
YGL009C,1788
YPL090C,1782
YNL031C,1752
YJR123W,1752
YLR441C,1739
YEL046C,1736
YPL160W,1712
YMR205C,1697
YGR180C,1657
YLR048W,1648
YBR127C,1647
YGR240C,1600
YLR333C,1595
YDR033W,1584
YBR121C,1579
YFL039C,1573
YJR121W,1555
YBR025C,1540
YGL030W,1537
YPL131W,1533
YLR061W,1530
YGR085C,1528
YDR450W,1518
YBR010W,1508
YPR074C,1468
YJR145C,1465
YGL189C,1462
YDR471W,1447
YBR084C-A,1440
YDL081C,1436
YEL034W,1421
YOL127W,1412
YDR418W,1411
YBL092W,1410
YBL087C,1405
YPL081W,1402
YDR158W,1398
YGR155W,1390
YOL120C,1372
YPR145W,1365
YLR304C,1363
YGR124W,1363
YBR011C,1361
YPL231W,1356
YLR448W,1351
YEL054C,1350
YLR029C,1343
YMR120C,1325
YLR340W,1322
YDR447C,1321
YJR109C,1314
YKL056C,1310
YPL249C-A,1290
YNL255C,1285
YGR285C,1284
YCR024C-A,1268
YBR079C,1264
YDL130W,1264
YML126C,1260
YDL082W,1244
YJL026W,1220
YBR031W,1218
YLR303W,1213
YBR082C,1204
YLR150W,1197
YLR058C,1182
YCR053W,1180
YOL121C,1176
YIL069C,1170
YDL126C,1170
YJL189W,1166
YOR335C,1164
YKR059W,1163
YHR193C,1160
YML026C,1159
YER117W,1158
YOR027W,1152
YHR196W,1147
YBL072C,1144
YNL096C,1140
YBR181C,1138
YJL136C,1137
YHR064C,1130
YNR050C,1114
YHL001W,1101
YGL123W,1097
YKL210W,1083
YGR086C,1081
YPL036W,1074
YOL058W,1066
YNL302C,1063
YDR023W,1045
YLR390W-A,1044
YGL137W,1035
YDR224C,1034
YOR173W,1034
YHR089C,1028
YDR233C,1028
YCR031C,1024
YML073C,1021
YGL105W,1016
YDR099W,1005
YHR208W,1003
YDR037W,1002
YML008C,1001
YBR249C,995
YCL030C,993
YOR298C-A,988
YDR432W,985
YLR367W,984
YMR194W,976
YOR167C,976
YGR264C,969
YGL245W,960
YOL040C,959
YPR102C,957
YBL076C,957
YNR016C,954
YBL030C,942
YFR032C-A,939
YLR325C,922
YER023W,918
YIL133C,916
YIL041W,910
YKL180W,909
YER110C,906
YER178W,898
YMR309C,897
YDR172W,896
YMR079W,892
YJR139C,890
YDL061C,888
YNL014W,886
YIR034C,885
YPL004C,884
YGR185C,872
YEL017C-A,869
YJL130C,868
YGR214W,859
YGR204W,853
YPR041W,849
YOL109W,844
YIL078W,842
YHR025W,838
YGR159C,833
YLR388W,829
YKR057W,821
YGR094W,808
YPL028W,805
YPR043W,803
YCL050C,799
YGL026C,795
YDL182W,794
YIL052C,793
YPL037C,790
YJL138C,788
YJL177W,786
YAL012W,780
YOR374W,779
YDL084W,777
YDR298C,777
YOR234C,775
YNL287W,771
YBL099W,770
YBR106W,767
YDL184C,765
YMR242C,762
YER056C-A,760
YGR061C,748
YNL162W,746
YBR286W,741
YDL171C,737
YBL003C,737
YJL190C,736
YHR007C,732
YGR060W,726
YMR143W,726
YJR126C,719
YGR209C,718
YLL050C,717
YOR198C,716
YNL220W,715
YFL018C,713
YLR344W,712
YFL034C-A,712
YLL026W,711
YNL244C,709
YDR454C,708
YKL156W,707
YOR293W,707
YLR259C,704
YHR141C,703
YOR361C,701
YGR175C,696
YMR217W,695
YLR406C,690
YPL066W,687
YJR105W,683
YJL080C,681
YER065C,678
YML012W,675
YKR094C,673
YBL039C,672
YMR307W,666
YNL135C,666
YPL048W,658
YEL071W,657
YHR047C,647
YGL202W,647
YFR031C-A,647
YJR094W-A,639
YLL018C,637
YDR502C,636
YBR143C,636
YNL007C,635
YMR108W,633
YOR185C,633
YNR053C,631
YGL206C,630
YER102W,622
YKL033W-A,615
YMR235C,615
YCL040W,614
YIL018W,613
YLR432W,610
YPL198W,609
YOR270C,607
YHR010W,605
YNL112W,604
YDL145C,600
YDL192W,599
YER074W,596
YOR332W,592
YPL145C,589
YJL191W,588
YGL234W,588
YLR264W,582
YJR070C,580
YER052C,576
YBR191W,574
YOR312C,574
YKR042W,574
YLR287C-A,572
YBR039W,572
YKL192C,569
YLR185W,568
YLR438W,568
YDR345C,566
YOL139C,564
YPL226W,562
YNL121C,556
YOR168W,554
YNL016W,552
YKR077W,548
YJR045C,543
YPL111W,542
YHR052W,540
YER036C,539
YPR108W,537
YFL045C,537
YPL273W,537
YMR246W,535
YDL075W,534
YOR310C,531
YNL312W,531
YOR187W,530
YOR136W,530
YMR083W,525
YDR346C,521
YKL071W,521
YMR012W,520
YER081W,520
YOR346W,518
YOR341W,517
YGR253C,516
YLR197W,516
YOR182C,515
YGR211W,513
YKL117W,511
YKL212W,508
YOR086C,506
YDR062W,505
YLR347C,504
YER025W,500
YLR378C,499
YDR381W,498
YMR178W,497
YOR326W,494
YHL034C,494
YDL083C,488
YDR127W,488
YLR033W,482
YLR043C,481
YLR216C,480
YOR153W,477
YLR060W,476
YKL035W,474
YML070W,471
YPL225W,470
YDL133C-A,469
YKL054C,468
YPL093W,468
YGL238W,467
YKL009W,466
YLR196W,466
YDR101C,464
YHR020W,460
YPR191W,458
YPR163C,454
YFR053C,452
YOR020C,452
YDL066W,448
YBR159W,446
YLR175W,444
YDR399W,443
YIL075C,443
YER133W,443
YJR007W,442
YLR314C,441
YHR042W,440
YER103W,438
YPR033C,437
YBR218C,436
YKL096W-A,435
YER126C,435
YOR356W,434
YMR260C,433
YHR021C,433
YDR500C,432
YOR108W,431
YKL085W,430
YHR179W,428
YFR044C,425
YGR282C,424
YEL027W,423
YOR007C,422
YMR145C,421
YER073W,420
YIL148W,420
YDR297W,420
YPR036W,416
YDL131W,413
YDL160C,412
YOR230W,410
YGL200C,410
YHR068W,409
YGR037C,407
YOR317W,407
YHR005C-A,406
YHR215W,404
YML106W,403
YFL014W,401
YDL022W,401
YNL247W,401
YMR297W,401
YBR111C,400
YAL016W,399
YEL020W-A,397
YMR122W-A,396
YPR062W,394
YBL045C,392
YLR027C,392
YDR508C,390
YMR230W,390
YDR211W,389
YHR019C,384
YNR043W,384
YAL035W,383
YKR081C,382
YOR184W,381
YGL078C,380
YBR115C,378
YDR483W,378
YBR034C,376
YOR209C,375
YJL200C,374
YPR016C,373
YDR368W,372
YHR039C-A,371
YGL011C,371
YOL144W,371
YNL243W,371
YLR234W,370
YFL004W,369
YMR038C,367
YJL109C,367
YMR146C,367
YDL097C,367
YHR018C,367
YNL141W,366
YML052W,365
YHR024C,362
YPL078C,361
YOR276W,361
YNR021W,360
YOL059W,360
YDR002W,360
YJR148W,359
YDR238C,358
YGL225W,356
YMR059W,356
YFR052W,356
YPL117C,356
YCL064C,354
YDR341C,354
YMR121C,351
YDL095W,351
YDL014W,350
YDR513W,348
YMR303C,347
YCL037C,346
YDR064W,345
YNL010W,345
YDR529C,344
YBR263W,344
YIL094C,343
YJL167W,343
YPR149W,341
YNL241C,341
YCL009C,337
YGL228W,334
YKL211C,334
YPL143W,334
YLR056W,333
YOR142W,332
YNL061W,332
YMR031C,331
YDR091C,331
YOR065W,329
YOR046C,328
YGL173C,328
YLR301W,328
YCL025C,328
YDR074W,326
YGR162W,323
YLR244C,323
YMR015C,323
YDR519W,321
YDL195W,320
YOR206W,320
YBR248C,319
YBR199W,318
YLR293C,318
YAR071W,316
YMR229C,315
YCR009C,314
YAL007C,312
YPR158W-B,311
YDR316W-B,311
YHR214C-B,310
YEL021W,310
YML045W,310
YKR001C,309
YHR051W,309
YNL104C,307
YKL080W,307
YML125C,303
YML058W,303
YER136W,303
YBR072W,301
YOR151C,301
YGL148W,301
YOL097C,299
YPR010C,298
YNL308C,297
YDR129C,297
YEL026W,296
YBR067C,296
YAR015W,295
YPL121C,294
YDR152W,293
YGL207W,292
YOR362C,292
YBL024W,290
YPR060C,290
YMR251W-A,288
YFR009W,285
YBR149W,285
YBR084W,284
YJR077C,283
YBR068C,283
YDR398W,282
YLR413W,282
YBL075C,282
YER069W,281
YGL195W,281
YHR049W,280
YGR173W,280
YDL147W,279
YDR035W,279
YLR028C,278
YNL113W,277
YIL076W,277
YOL056W,276
YMR300C,274
YDR343C,274
YNL071W,274
YLR208W,272
YMR226C,272
YIL125W,272
YOR094W,271
YEL047C,271
YMR290C,270
YDR258C,270
YNL098C,270
YER055C,270
YLR192C,270
YDL067C,268
YMR318C,266
YLR248W,266
YBL022C,266
YOR261C,264
YMR295C,264
YBR126C,263
YOR176W,263
YAL044C,262
YBR078W,262
YDL140C,260
YER003C,260
YAR002C-A,260
YOR303W,260
YER006W,259
YMR255W,259
YJL111W,259
YKL028W,259
YER090W,257
YOR204W,257
YPR069C,257
YIR008C,257
YGR106C,256
YHR104W,255
YDL015C,255
YDR461W,255
YDR170C,254
YGL167C,254
YEL032W,253
YFR050C,253
YGR135W,251
YNL134C,251
YBR109C,251
YDR214W,249
YDL100C,249
YGR128C,249
YEL030W,249
YOR323C,249
YHR170W,248
YGR207C,248
YGR130C,248
YFR004W,248
YML092C,248
YDL137W,247
YLR257W,247
YKL104C,246
YBR088C,246
YDR174W,246
YCR004C,245
YJR014W,243
YPR110C,242
YML085C,242
YGL120C,242
YMR105C,241
YMR189W,240
YIL136W,240
YPL135W,240
YJL055W,239
YGL062W,239
YFR051C,238
YIL138C,238
YDR496C,238
YLL039C,238
YGL048C,238
YLR359W,237
YNL138W,237
YOR254C,237
YCL043C,237
YDR232W,237
YIR012W,237
YHR013C,237
YKL181W,237
YNL079C,237
YMR099C,236
YMR203W,236
YML072C,235
YER062C,234
YKR043C,234
YDR427W,234
YJL088W,234
YGL097W,232
YJR063W,232
YMR296C,232
YEL031W,231
YLR186W,231
YEL037C,230
YMR072W,229
YDR487C,229
YHR037W,228
YHR053C,228
YPL239W,227
YML069W,227
YHR085W,226
YKR048C,226
YNR051C,226
YLR372W,225
YML022W,225
YGR208W,224
YDL124W,224
YLR295C,223
YBR171W,222
YOL038W,222
YKR080W,221
YDR077W,221
YDR388W,221
YDR525W-A,220
YJR117W,220
YOL140W,220
YDL143W,219
YDL168W,218
YMR241W,218
YNL231C,217
YBR247C,217
YDR395W,217
YDR299W,216
YPL012W,216
YOR122C,216
YLR370C,216
YDR190C,215
YER086W,215
YMR092C,215
YNR035C,214
YNL037C,214
YGR189C,214
YMR315W,213
YGR218W,212
YKR014C,212
YIR037W,212
YNL111C,212
YDR060W,211
YJL012C,210
YGR187C,209
YPL091W,208
YHR190W,208
YMR169C,208
YGL122C,207
YML086C,206
YPL237W,206
YMR314W,206
YDL078C,206
YOR370C,205
YMR093W,205
YDL040C,205
YGL043W,205
YGR244C,204
YGL187C,203
YDR234W,202
YFL022C,202
YNL281W,202
YDR120C,201
YEL058W,201
YOR051C,201
YLR335W,200
YOL041C,200
YJL014W,200
YBR101C,199
YJL121C,199
YPR028W,199
YDL132W,199
YOR239W,199
YPR004C,198
YKL029C,198
YDR019C,198
YOR273C,197
YKR026C,197
YJR064W,196
YFR002W,196
YER012W,195
YGL099W,195
YPR024W,195
YNL251C,195
YNR001C,194
YGR279C,194
YPL260W,194
YML048W,194
YBL032W,194
YLR449W,194
YLL041C,193
YJR060W,193
YAL060W,193
YCR034W,193
YGL040C,193
YER056C,193
YMR261C,191
YHR094C,191
YMR062C,191
YBL056W,191
YGR116W,191
YPL094C,190
YHR146W,189
YOR285W,189
YNL288W,189
YBR221C,186
YDR168W,186
YDL215C,186
YPR020W,185
YDR044W,183
YOL098C,183
YGL115W,182
YJL002C,182
YBL047C,182
YKL157W,181
YHR008C,181
YCR088W,181
YOL064C,180
YLR356W,180
YNL066W,180
YPL262W,180
YLR179C,180
YCL059C,179
YHR039C,179
YDR194C,179
YKL040C,179
YML056C,178
YPL210C,178
YGL056C,178
YLR420W,178
YKL067W,178
YEL002C,177
YMR011W,177
YOR157C,177
YEL042W,176
YFR010W,176
YDL052C,175
YAL036C,175
YEL013W,175
YIL115C,174
YDR071C,174
YOL077C,174
YKL150W,174
YLR113W,173
YKR097W,173
YOR259C,173
YOL151W,173
YER007C-A,173
YLR387C,172
YMR308C,171
YJL069C,171
YOR039W,171
YKL113C,171
YER089C,171
YDL226C,170
YHR128W,170
YKR092C,170
YFL005W,169
YBL016W,169
YDR510W,169
YLR258W,169
YHL004W,169
YKL065C,169
YOR271C,169
YGL028C,169
YDR032C,168
YGR103W,168
YHR098C,168
YCR057C,168
YNL313C,168
YKL016C,168
YJL041W,167
YDR272W,167
YDL133W,166
YNL118C,166
YFR037C,165
YDR300C,165
YDL208W,165
YLR342W,165
YER072W,164
YHR197W,164
YMR058W,164
YLR399C,164
YML124C,164
YDL125C,164
YGR229C,163
YNL110C,163
YIL043C,163
YMR149W,163
YNL117W,162
YCL057W,162
YDL103C,162
YMR215W,162
YDL178W,162
YDL029W,162
YPR187W,161
YOR128C,161
YMR027W,161
YPL265W,160
YGR020C,160
YDR377W,159
YGL037C,159
YOR283W,159
YEL051W,158
YBR169C,158
YKL145W,158
YER120W,158
YPL271W,158
YNL303W,156
YPL110C,156
YNL189W,156
YIL062C,156
YJL145W,156
YLR022C,155
YER021W,154
YDR408C,154
YMR131C,154
YPL215W,153
YCR002C,153
YJR072C,153
YHR200W,153
YGR090W,152
YNL036W,152
YOR260W,152
YNL252C,152
YGL068W,151
YMR049C,151
YMR109W,150
YOL145C,150
YBR052C,150
YGR095C,150
YML100W,149
YLR380W,149
YKR071C,149
YLR129W,149
YNL292W,149
YJL008C,149
YKL142W,149
YDL108W,148
YDR390C,148
YLR447C,148
YGL157W,148
YFL036W,148
YBR139W,148
YDL122W,148
YJL151C,148
YJL050W,148
YKL127W,147
YPR125W,146
YMR202W,146
YDL236W,146
YDL174C,145
YGR084C,145
YGL001C,145
YHR072W-A,145
YER080W,145
YDL232W,145
YPR052C,144
YGR123C,144
YOR095C,144
YBR227C,144
YOL027C,144
YOR089C,144
YMR002W,143
YBR198C,143
YNL044W,143
YPL019C,143
YPR189W,142
YGR078C,142
YFL016C,142
YLR384C,141
YHL012W,141
YLR410W,141
YML120C,141
YNL153C,140
YOR272W,140
YDR516C,140
YHR005C,140
YGR167W,140
YJR025C,139
YKR002W,139
YMR305C,139
YDR294C,139
YPL127C,139
YHR216W,139
YLR262C-A,139
YPR183W,139
YJL001W,138
YHL021C,138
YER156C,138
YPL043W,138
YMR125W,137
YPL252C,137
YER049W,137
YNR046W,137
YDR212W,137
YHR114W,136
YGR119C,136
YJR096W,136
YER031C,136
YLR429W,136
YIL033C,136
YHR108W,136
YMR076C,136
YPR169W,135
YER134C,135
YNL272C,135
YLR277C,134
YLR270W,134
YJL148W,134
YNL132W,134
YOR212W,134
YBR283C,133
YLR435W,133
YPL243W,133
YBL007C,133
YIL021W,132
YML010W,132
YJR137C,131
YML074C,131
YKL213C,131
YBR035C,131
YKL120W,131
YLR042C,131
YCR084C,130
YLL001W,130
YPL146C,130
YGL201C,130
YBR015C,130
YKR066C,129
YKL114C,129
YNL232W,129
YJR048W,129
YJL178C,129
YNL175C,129
YDR477W,128
YBR162C,128
YMR291W,128
YER151C,128
YBR222C,128
YGL054C,128
YBR049C,128
YOR210W,128
YLR421C,128
YPL195W,128
YHL011C,128
YBL036C,128
YOL111C,128
YNL015W,127
YOR215C,127
YML057W,127
YHR003C,127
YML103C,126
YBR245C,126
YLR017W,126
YER168C,126
YPL212C,126
YMR041C,126
YCR093W,126
YGR032W,125
YMR123W,125
YGR008C,125
YDL225W,125
YLR172C,124
YKR035W-A,124
YOL016C,124
YHR137W,124
YLL048C,123
YER171W,123
YDL072C,123
YBR123C,123
YBR041W,123
YPR143W,123
YOL010W,123
YER067W,122
YJL192C,122
YPR165W,122
YOR061W,122
YDR449C,121
YDR361C,121
YLR438C-A,121
YBR112C,121
YOL126C,121
YCL035C,121
YMR089C,121
YDR497C,121
YML035C,120
YDR363W-A,120
YLR262C,119
YIL070C,119
YNL181W,119
YIR026C,119
YOL030W,119
YHL017W,119
YKR046C,118
YMR173W,118
YBL015W,118
YKL148C,118
YNL206C,118
YDR148C,118
YFR049W,118
YLR203C,117
YDR380W,117
YPR181C,117
YBR160W,117
YBR093C,117
YFL037W,117
YDR178W,117
YLL011W,117
YOR340C,117
YDL213C,116
YDR225W,116
YJL186W,116
YPL227C,116
YPL084W,116
YER063W,116
YNR038W,115
YOR116C,115
YOR098C,115
YPL154C,115
YER057C,115
YLR222C,115
YML078W,115
YPL235W,115
YPL058C,115
YLR074C,114
YML054C,114
YBR085C-A,114
YBR080C,114
YLR106C,114
YLR287C,114
YOR243C,114
YHR163W,114
YGR083C,114
YEL001C,114
YMR278W,114
YIL142W,114
YAR075W,113
YAR007C,113
YKL195W,113
YNR018W,113
YOR150W,112
YJL061W,112
YER112W,112
YDL005C,112
YGR001C,112
YMR266W,111
YKL204W,111
YNR054C,111
YPR173C,111
YDR365C,111
YCL045C,111
YML042W,111
YIL116W,111
YGL244W,111
YER145C,111
YPL009C,111
YBL071W-A,111
YIR004W,110
YOL052C,110
YDR098C,110
YIL146C,110
YGL203C,110
YEL055C,110
YCR028C-A,110
YKL096W,110
YJR047C,110
YDR188W,110
YJL104W,109
YGR082W,109
YIR038C,109
YJR132W,109
YOR232W,109
YJR088C,109
YJL140W,109
YJL172W,108
YBR208C,108
YJL153C,108
YOR241W,108
YJL159W,108
YJR087W,108
YDR322W,107
YKL154W,107
YBL068W,107
YMR243C,107
YPL246C,107
YDL166C,107
YPL204W,107
YDR404C,107
YJR076C,107
YKL077W,107
YBR135W,107
YFR033C,107
YHR026W,106
YPR072W,106
YIL137C,106
YBL040C,106
YMR129W,106
YLR002C,106
YPR019W,105
YIL035C,105
YBL058W,105
YOR004W,105
YHR107C,105
YKR008W,105
YOR216C,104
YLR291C,104
YGR200C,104
YML130C,104
YPL211W,104
YGL092W,104
YPR056W,104
YBL033C,104
YJR069C,104
YLR100W,103
YHR087W,103
YNL207W,103
YDR347W,103
YIL118W,103
YBL017C,102
YJL158C,102
YPR086W,102
YBR002C,102
YDR210W,102
YMR021C,102
YOR099W,102
YDR047W,101
YDR177W,101
YDR324C,101
YLL036C,100
YHL029C,100
YPL063W,100
YGR210C,99.9
YDR189W,99.8
YIL074C,99.7
YAL054C,99.7
YIR006C,99.6
YLR038C,99.6
YML013W,99.5
YIL022W,99.3
YBR092C,99.2
YBL050W,99.2
YPL126W,99.1
YIL155C,98.9
YLR312W-A,98.9
YKR016W,98.8
YJR010C-A,98.7
YGR132C,98.7
YLR386W,98.6
YOL076W,98.6
YOL005C,98.6
YNL087W,98.6
YDR171W,98.6
YGL019W,98.5
YNL045W,98.2
YJL033W,98.2
YMR080C,98
YBR265W,98
YGL082W,97.7
YKR088C,97.7
YJL098W,97
YDR150W,97
YDR116C,96.9
YDL205C,96.6
YFR011C,96.5
YIL063C,96.3
YKL130C,96
YOR224C,95.9
YDL092W,95.8
YDR087C,95.8
YJR065C,95.6
YJL087C,95.6
YML001W,95.4
YBR214W,95.1
YJR068W,95.1
YGL070C,95
YMR074C,95
YDL031W,94.9
YLR452C,94.9
YBR086C,94.8
YBR120C,94.6
YDL116W,94.4
YKL001C,94.4
YIL034C,94.4
YDR092W,94.3
YGR178C,94.3
YDL212W,94.2
YLR274W,94.1
YJL124C,94
YBR053C,93.9
YDL053C,93.9
YBR251W,93.8
YDL198C,93.8
YKL013C,93.6
YAL046C,93.4
YOR138C,93.2
YDR153C,93.1
YOR165W,93.1
YOR281C,92.8
YER014W,92.4
YGR026W,92.3
YLR069C,92.3
YJL123C,92.3
YPL207W,92.1
YHR066W,92
YIL145C,92
YKR018C,91.9
YDR055W,91.9
YFR016C,91.2
YJR042W,91.1
YNL063W,91
YDR517W,91
YLR089C,91
YML081C-A,91
YOR354C,90.8
YLR401C,90.8
YJL173C,90.7
YJR017C,90.6
YPL082C,90.6
YGL221C,90.5
YAL043C,90.3
YOR056C,90.2
YML075C,90.1
YNL131W,90.1
YPL105C,89.8
YGR233C,89.8
YGR055W,89.7
YER095W,89.4
YGR255C,89.3
YGL049C,89.3
YLR292C,89.3
YOL006C,89.2
YLL009C,88.9
YAL023C,88.9
YDR054C,88.7
YAL019W,88.7
YKL196C,88.7
YDL065C,88.5
YOR226C,88.4
YPR103W,88.3
YIL027C,88.2
YNL123W,88.2
YGR280C,88.1
YFL048C,87.9
YBR164C,87.7
YGL055W,87.3
YPR160W,87.3
YBL035C,87.3
YLR351C,87.2
YGR271C-A,87
YOL123W,86.9
YOL012C,86.9
YBL028C,86.8
YBR089C-A,86.6
YDR430C,86.6
YFR030W,86.5
YPL184C,86.3
YBR177C,86.2
YML094W,86.1
YBR069C,86
YBL064C,85.8
YIL009W,85.7
YNL002C,85.6
YKL103C,85.5
YGR191W,85.5
YOL061W,85.5
YGL190C,85.5
YDR280W,85.1
YOR253W,85
YNL258C,84.9
YDR165W,84.8
YHR121W,84.7
YNL001W,84.5
YER154W,84.4
YGL016W,84.4
YLR330W,83.8
YNL197C,83.6
YMR024W,83.5
YEL022W,83.4
YMR208W,83.3
YJL020C,83.3
YIL109C,83.3
YBR105C,83.1
YDL235C,82.6
YDL058W,82.6
YOR286W,82.6
YDL128W,82.4
YKL007W,82.2
YKL024C,82.2
YOR117W,82.1
YFR015C,82.1
YGR048W,82.1
YNL052W,82
YMR311C,81.9
YER099C,81.9
YEL060C,81.8
YPL059W,81.7
YOR164C,81.6
YKR006C,81.6
YLR309C,81.5
YOR262W,81.5
YHR143W-A,81.4
YER048W-A,81.4
YJL166W,81.3
YGL038C,81.3
YOR132W,81.2
YDR040C,81.1
YCL031C,81.1
YER002W,81
YOR217W,81
YML049C,81
YOL021C,80.9
YJR073C,80.8
YPL010W,80.5
YNL084C,80.5
YOL142W,80.4
YIL083C,80.4
YNL307C,80
YGR157W,79.9
YMR043W,79.9
YPR156C,79.9
YMR039C,79.8
YDR533C,79.7
YDR046C,79.7
YDR507C,79.6
YLR398C,79.6
YBR054W,79.5
YHR001W-A,79.5
YGL172W,79.4
YMR259C,79.4
YIL020C,79.4
YMR115W,79.3
YPR137W,79.3
YMR276W,78.9
YAL049C,78.6
YDL123W,78.6
YNL137C,78.5
YIL044C,78.5
YDR117C,78.4
YNL154C,78.3
YMR298W,78.2
YER068W,78.2
YER048C,78
YML062C,78
YDL111C,77.9
YGL112C,77.9
YKL010C,77.9
YER122C,77.9
YER159C,77.9
YLR250W,77.7
YFL008W,77.6
YBR256C,77.5
YPR025C,77.5
YBR179C,77.3
YCR030C,77.3
YDL064W,77.2
YNL239W,77.2
YLR285W,77.2
YML055W,77.1
YPR113W,77
YGR257C,76.9
YEL024W,76.8
YOR091W,76.8
YFL038C,76.7
YGL220W,76.6
YOR069W,76.6
YKL014C,76.5
YOR252W,76.3
YJL125C,76.1
YJL122W,76.1
YPL129W,76.1
YPR190C,76
YOL143C,75.9
YNL163C,75.9
YEL063C,75.9
YPL030W,75.8
YHR072W,75.8
YER053C-A,75.7
YLR286C,75.6
YMR214W,75.6
YKL126W,75.4
YGR261C,75.3
YDL134C,75.2
YOL032W,74.9
YGL125W,74.9
YLR276C,74.9
YDL202W,74.9
YOR175C,74.9
YJR075W,74.8
YMR193W,74.7
YGR284C,74.6
YPL178W,74.6
YGL246C,74.6
YBL026W,74.5
YHR201C,74.5
YMR005W,74.4
YBR155W,74.4
YCR054C,74.3
YDR337W,74.1
YDR221W,74
YDR170W-A,73.9
YDR354W,73.9
YLR114C,73.8
YGR063C,73.7
YDR391C,73.6
YMR096W,73.4
YHR029C,73.3
YOR052C,73.3
YGL231C,73.3
YLR066W,73.2
YHR062C,73.1
YCL017C,73
YGR054W,73
YKR095W,72.8
YFL017C,72.8
YFR028C,72.5
YJL197W,72.4
YFR024C-A,72.4
YLR363W-A,72.4
YGR183C,72.2
YGR231C,72.2
YLR212C,72.2
YOR147W,72.2
YJR103W,72.1
YNL300W,72.1
YEL048C,72.1
YLR439W,71.9
YLR332W,71.9
YMR236W,71.9
YGL255W,71.9
YGR087C,71.8
YNL216W,71.8
YNL088W,71.7
YKL106W,71.7
YNL085W,71.7
YGL210W,71.6
YKL112W,71.6
YBR090C,71.6
YDR001C,71.4
YHR009C,71.3
YHR030C,71.3
YMR139W,71.2
YKL193C,71.2
YJL039C,71.1
YGR158C,71.1
YBR234C,71.1
YOR181W,71
YLR256W-A,70.9
YDR434W,70.9
YDL121C,70.9
YDR293C,70.9
YNL229C,70.9
YDR257C,70.8
YMR196W,70.8
YGL107C,70.8
YDR195W,70.8
YDR086C,70.7
YGL150C,70.7
YGL027C,70.6
YDL051W,70.6
YCR016W,70.6
YDR045C,70.5
YLR025W,70.4
YKL160W,70.4
YPL122C,70.4
YCR090C,70.3
YOR042W,70.2
YER141W,70.1
YNL268W,70
YPL190C,69.9
YGL020C,69.9
YMR228W,69.9
YDR405W,69.8
YDL074C,69.8
YJL196C,69.8
YMR271C,69.8
YGL252C,69.8
YDR330W,69.7
YML110C,69.7
YKL068W,69.6
YKR038C,69.6
YBR200W,69.5
YOR016C,69.5
YMR152W,69.3
YGL129C,69.3
YCR021C,69.2
YGL077C,69.1
YNL100W,69.1
YBR017C,68.8
YNL284C,68.8
YNL156C,68.8
YDR051C,68.8
YLL034C,68.8
YDR372C,68.8
YML031W,68.7
YLR350W,68.7
YOL094C,68.7
YGR012W,68.6
YLR433C,68.5
YOL115W,68.4
YJL101C,68.1
YKL135C,68
YML105C,68
YEL040W,68
YBR026C,67.8
YDL047W,67.8
YKL027W,67.8
YJR131W,67.7
YML129C,67.5
YGR031W,67.5
YDL135C,67.3
YIR001C,67.3
YNL212W,67.3
YPL031C,67.3
YNR026C,66.9
YNL280C,66.9
YAR002W,66.7
YIL016W,66.7
YLR363C,66.6
YER042W,66.6
YLR055C,66.5
YLR133W,66.4
YGR019W,66.3
YOR229W,66.3
YPR114W,66.3
YCR087C-A,66.2
YDL099W,66
YMR237W,65.9
YBR202W,65.8
YKR079C,65.7
YDR108W,65.6
YMR090W,65.6
YHR147C,65.6
YMR220W,65.5
YPR159W,65.4
YJL010C,65.4
YPR180W,65.2
YOL049W,65.1
YLR090W,65
YJL115W,65
YPL128C,65
YML071C,64.9
YLR321C,64.9
YGR040W,64.9
YDL144C,64.8
YLL018C-A,64.8
YNL322C,64.8
YDR296W,64.8
YDR161W,64.7
YFL028C,64.6
YCR005C,64.6
YHR117W,64.6
YOR109W,64.5
YFL041W,64.3
YLR412W,64.2
YBR244W,64.1
YDR041W,64.1
YOR251C,64.1
YFR040W,64.1
YKL215C,64
YMR061W,63.9
YKR072C,63.9
YOR302W,63.8
YGL022W,63.8
YDR472W,63.8
YJR010W,63.8
YHR063C,63.8
YKR039W,63.6
YML128C,63.6
YCR077C,63.5
YML093W,63.5
YBR142W,63.3
YGL080W,63.3
YGR241C,63.3
YIL126W,63.2
YMR029C,63.2
YNL158W,63.2
YJL117W,63.1
YDL190C,63.1
YDR462W,62.9
YNL022C,62.9
YER149C,62.8
YPL134C,62.8
YAL059W,62.7
YLL012W,62.7
YGL095C,62.7
YFR006W,62.5
YER174C,62.4
YFL031W,62.4
YLR143W,62.2
YIL105C,62.2
YHR012W,62.2
YLR300W,62.1
YJL180C,62.1
YJL082W,62.1
YMR184W,62
YNL290W,62
YDR342C,61.9
YNL317W,61.9
YPL032C,61.9
YER105C,61.9
YBR059C,61.8
YLR181C,61.7
YKR082W,61.7
YHL030W,61.7
YNL005C,61.6
YBR252W,61.6
YLR095C,61.6
YDR481C,61.4
YNL147W,61.4
YBL085W,61.4
YHR148W,61.4
YGR235C,61.3
YGL029W,61.3
YGL145W,61.3
YHR069C,61.3
YJR086W,61.2
YDL085C-A,61.2
YHR046C,61.2
YPL254W,61.2
YER143W,61.1
YDR352W,61
YMR212C,61
YGL111W,60.9
YPL263C,60.9
YHR070W,60.9
YLL013C,60.7
YER001W,60.7
YNL173C,60.7
YGL014W,60.7
YNL191W,60.7
YDR251W,60.6
YCL028W,60.4
YNL201C,60.3
YDR373W,60.2
YPL274W,60
YKL021C,60
YGL087C,60
YBR087W,60
YML017W,59.9
YJR144W,59.9
YHL039W,59.9
YHR207C,59.9
YOR265W,59.9
YDR412W,59.8
YNR034W-A,59.8
YGR248W,59.8
YPR148C,59.7
YOR090C,59.7
YLR369W,59.6
YJL097W,59.6
YDR245W,59.6
YDR397C,59.5
YLR328W,59.5
YNL297C,59.5
YHR133C,59.4
YFL001W,59.4
YNR013C,59.4
YLL028W,59.3
YER020W,59.3
YBR056W,59.3
YPL218W,59.3
YOR160W,59.2
YMR302C,59.1
YJL171C,59.1
YDL046W,59.1
YDR367W,59
YJL063C,59
YPL161C,59
YFR025C,58.9
YKR025W,58.8
YBR172C,58.8
YDR028C,58.7
YHR187W,58.7
YPL125W,58.7
YPL015C,58.6
YMR277W,58.6
YOR360C,58.6
YLR064W,58.4
YCR051W,58.3
YJL076W,58.2
YNR030W,58.2
YPL232W,58.2
YFL010C,58.2
YIL104C,58
YPR034W,57.9
YHR205W,57.9
YMR200W,57.9
YGR195W,57.8
YFL026W,57.7
YER094C,57.7
YLL040C,57.7
YNL248C,57.6
YLR191W,57.6
YIL093C,57.5
YPL086C,57.4
YIL005W,57.4
YDR156W,57.2
YPL170W,57.2
YGR243W,57.1
YOL022C,57.1
YOR222W,56.9
YDL110C,56.8
YIL106W,56.8
YKR003W,56.8
YIL128W,56.8
YDR068W,56.7
YAL029C,56.7
YJL183W,56.7
YOL060C,56.7
YCR043C,56.6
YNL330C,56.6
YDR264C,56.6
YBR036C,56.6
YKL004W,56.5
YLL008W,56.5
YCL011C,56.4
YPR182W,56.3
YDR531W,56.3
YOL087C,56.2
YJL207C,56.2
YNL323W,56.2
YBR030W,56.1
YPR124W,56.1
YHR055C,56.1
YER082C,56
YBL091C,56
YLR174W,55.9
YBR287W,55.9
YPR133C,55.9
YNR027W,55.8
YER009W,55.7
YMR304W,55.7
YBR279W,55.6
YBR166C,55.4
YOL135C,55.4
YOL004W,55.4
YPL208W,55.4
YLR225C,55.2
YOR021C,55.2
YDR292C,55.2
YPL053C,55.2
YPL228W,55.1
YDR011W,55
YLR059C,55
YPL085W,55
YBR151W,54.9
YPR140W,54.9
YFL002C,54.8
YPR112C,54.8
YBR267W,54.8
YNL185C,54.8
YOL092W,54.7
YBL034C,54.7
YCR018C-A,54.7
YDL161W,54.7
YKL094W,54.6
YDL102W,54.6
YDL219W,54.6
YDR063W,54.6
YCR020W-B,54.6
YOL149W,54.5
YBR170C,54.5
YDR228C,54.5
YOR348C,54.4
YGR049W,54.3
YLL022C,54.3
YDR100W,54.2
YNR017W,54.2
YLR414C,54.2
YLR051C,54.2
YDR303C,54
YMR022W,54
YGR017W,54
YHL007C,53.9
YER139C,53.9
YDR453C,53.7
YIL038C,53.7
YGR267C,53.6
YLR008C,53.6
YKR067W,53.4
YHR162W,53.4
YOL057W,53.2
YJR059W,53.1
YML097C,53.1
YML067C,53.1
YPL199C,53.1
YMR128W,53
YNL265C,52.9
YKR065C,52.8
YDL141W,52.8
YDR266C,52.8
YBR046C,52.8
YPR002W,52.8
YDL188C,52.8
YCR035C,52.7
YBL079W,52.7
YDR322C-A,52.7
YKL122C,52.6
YOR163W,52.6
YGR081C,52.5
YKR060W,52.4
YJL143W,52.4
YDR036C,52.4
YOR103C,52.2
YMR272C,52.1
YNL256W,52
YGR007W,51.9
YPL183C,51.8
YNL274C,51.8
YLL010C,51.7
YNL149C,51.7
YGL110C,51.7
YKL138C,51.6
YDR166C,51.5
YBL074C,51.5
YMR183C,51.4
YNL004W,51.4
YGL058W,51.4
YNL168C,51.3
YPR129W,51.3
YJL060W,51.2
YIL124W,51.2
YGR202C,51.2
YDL201W,51.1
YOR123C,51
YPL050C,50.9
YGL153W,50.9
YPR139C,50.9
YOR120W,50.9
YPL153C,50.8
YER017C,50.8
YOR207C,50.8
YBR230C,50.6
YBR077C,50.6
YHL003C,50.4
YPR091C,50.3
YGL012W,50.3
YLR221C,50.2
YDR465C,50.2
YMR091C,50.1
YOR124C,50.1
YHR065C,50.1
YMR014W,50
YNL155W,50
YOR145C,50
YHR088W,50
YMR188C,49.9
YML030W,49.9
YPL169C,49.8
YDR121W,49.8
YML080W,49.8
YKL172W,49.8
YCR046C,49.7
YGR080W,49.7
YMR020W,49.7
YPR037C,49.7
YMR047C,49.5
YNL059C,49.5
YHR199C,49.4
YER148W,49.4
YDR056C,49.3
YDL106C,49.3
YDL060W,49.2
YKL183W,49.2
YLR083C,49.1
YKL190W,49.1
YBL051C,49
YMR157C,49
YER004W,49
YDR145W,49
YJL019W,48.9
YGR260W,48.8
YIR024C,48.8
YPR063C,48.7
YPR144C,48.7
YPR040W,48.7
YPR162C,48.7
YER164W,48.6
YJR049C,48.6
YNL315C,48.6
YFR001W,48.5
YGL233W,48.5
YGR245C,48.4
YOR347C,48.4
YDL150W,48.3
YGL106W,48.3
YOR267C,48.3
YMR256C,48.3
YHR169W,48.3
YJL217W,48.2
YAL042W,48.2
YKR084C,48.2
YDR049W,48.2
YGL232W,48.2
YKL069W,48.1
YHR135C,48.1
YML018C,48.1
YPL017C,48.1
YKL186C,48.1
YGR250C,48.1
YPL151C,48.1
YKL151C,48.1
YPR168W,48.1
YOL054W,47.9
YPR073C,47.9
YDR328C,47.9
YKL128C,47.8
YJL164C,47.8
YMR216C,47.7
YOR289W,47.7
YDL204W,47.5
YMR177W,47.4
YBR261C,47.4
YEL052W,47.4
YNL264C,47.4
YBR145W,47.4
YLR409C,47.2
YDL018C,47.1
YBR130C,47.1
YNL327W,47
YGR165W,47
YBR029C,47
YCR038W-A,46.9
YER022W,46.9
YDR083W,46.9
YOR014W,46.8
YIR003W,46.8
YJR003C,46.7
YDR020C,46.7
YJL128C,46.7
YHR058C,46.7
YNL090W,46.6
YHR076W,46.6
YNL108C,46.6
YMR239C,46.4
YKL110C,46.4
YIL065C,46.4
YDR097C,46.4
YBL042C,46.3
YAL039C,46.2
YKL179C,46.2
YNR034W,46.1
YLR357W,46.1
YBL093C,46
YOR158W,46
YKL063C,46
YAL025C,46
YNL049C,45.8
YDR135C,45.8
YDR424C,45.6
YOL090W,45.6
YPR045C,45.6
YGR281W,45.6
YGR205W,45.5
YCR095C,45.5
YIR022W,45.5
YKL191W,45.4
YHR006W,45.4
YJL068C,45.3
YDR335W,45.2
YAL021C,45.2
YER019C-A,45.1
YDR394W,45
YNR048W,44.9
YER157W,44.9
YMR250W,44.9
YPR006C,44.8
YER078C,44.8
YGR266W,44.8
YNL182C,44.8
YLR324W,44.8
YJL154C,44.7
YDR539W,44.7
YDL088C,44.7
YKL046C,44.7
YPL217C,44.6
YDR119W,44.5
YJL139C,44.5
YAL030W,44.4
YJL176C,44.4
YPR029C,44.4
YOL080C,44.4
YIL153W,44.4
YLR170C,44.4
YGR092W,44.3
YGR136W,44.3
YLR407W,44.2
YNL035C,44.2
YJR032W,44.1
YGR150C,44.1
YDR070C,44
YDR175C,44
YHR158C,43.9
YJR135W-A,43.8
YDL112W,43.8
YJL085W,43.8
YLL023C,43.7
YML127W,43.6
YGL044C,43.6
YDR498C,43.6
YGR277C,43.6
YAL033W,43.6
YEL015W,43.6
YFR047C,43.6
YDR017C,43.6
YPL259C,43.5
YGL194C,43.5
YMR044W,43.5
YPL096W,43.5
YLR182W,43.4
YDR141C,43.4
YHR112C,43.3
YMR285C,43.3
YPL100W,43.3
YDR311W,43.2
YDR406W,43.1
YLR116W,43.1
YBL055C,43
YKL088W,43
YHR077C,43
YNL306W,42.9
YPR070W,42.9
YPL116W,42.9
YDL167C,42.8
YKL073W,42.8
YER027C,42.7
YOR196C,42.7
YOL071W,42.7
YOL093W,42.7
YDL173W,42.6
YER155C,42.6
YMR238W,42.6
YML115C,42.6
YOR197W,42.6
YNR015W,42.5
YML004C,42.5
YOL067C,42.4
YDL101C,42.4
YOL077W-A,42.3
YMR070W,42.3
YNL160W,42.2
YNL257C,42.2
YML113W,42.2
YJR130C,42.1
YOR001W,42.1
YHR111W,41.9
YMR165C,41.9
YNL180C,41.8
YKL047W,41.7
YBR014C,41.7
YLL029W,41.6
YCL054W,41.6
YLR215C,41.5
YGR076C,41.5
YDR321W,41.5
YIR021W,41.5
YKL205W,41.5
YDR059C,41.3
YHR188C,41.3
YKL008C,41.3
YPR100W,41.3
YLR084C,41.2
YGR220C,41.2
YML117W,41.2
YMR321C,41.1
YLR389C,41.1
YOR174W,41.1
YBL004W,41
YNL183C,41
YNR052C,41
YPR118W,40.9
YCL052C,40.9
YOL020W,40.9
YLR419W,40.9
YMR071C,40.9
YPL270W,40.8
YGR120C,40.8
YJR101W,40.8
YNL041C,40.7
YNL157W,40.7
YJL011C,40.7
YBR260C,40.7
YDR267C,40.7
YDL237W,40.7
YDR304C,40.6
YOL147C,40.6
YPR058W,40.5
YLR093C,40.5
YIL064W,40.4
YBR110W,40.4
YNL070W,40.2
YCR036W,40.2
YDR289C,40.2
YEL003W,40.1
YKL032C,40.1
YIL057C,40.1
YCL001W,40
YDR262W,40
YPR089W,40
YMR170C,39.9
YKL129C,39.9
YJL112W,39.9
YOR195W,39.9
YMR117C,39.9
YLR166C,39.9
YKL022C,39.8
YJL131C,39.8
YPL206C,39.8
YEL038W,39.7
YDR479C,39.7
YOR077W,39.7
YDR530C,39.7
YML079W,39.7
YLR395C,39.7
YHR209W,39.6
YGR256W,39.6
YCR003W,39.6
YAR073W,39.6
YJR111C,39.5
YOR044W,39.5
YBR003W,39.4
YIR036C,39.3
YDR429C,39.3
YDR167W,39.3
YLR348C,39.3
YMR110C,39.3
YHR083W,39.2
YGR194C,39.1
YHR132W-A,39.1
YKL143W,39.1
YNL219C,39
YJL092W,39
YBR281C,39
YJR080C,39
YJL074C,39
YKL052C,39
YGR232W,38.9
YJL066C,38.8
YLR345W,38.8
YML096W,38.7
YBR061C,38.7
YDL086W,38.6
YOR359W,38.6
YKR074W,38.6
YJL078C,38.6
YOR171C,38.6
YBL011W,38.5
YJR113C,38.5
YDL019C,38.5
YOR297C,38.4
YER083C,38.4
YLR052W,38.4
YGL101W,38.3
YMR067C,38.3
YGR193C,38.3
YLR245C,38.3
YDR138W,38.2
YHR001W,38.1
YHR074W,38.1
YER088C,38.1
YKR024C,38
YPR138C,37.9
YPR174C,37.9
YGL060W,37.8
YGR152C,37.8
YGL164C,37.7
YIL154C,37.7
YLR206W,37.7
YER123W,37.7
YER024W,37.6
YLR120C,37.6
YOR008C,37.6
YPL139C,37.6
YLR231C,37.5
YEL007W,37.5
YNR022C,37.5
YBL061C,37.5
YLR199C,37.5
YPR154W,37.5
YNL166C,37.4
YHR136C,37.4
YIL165C,37.4
YLR200W,37.3
YGL151W,37.3
YGR145W,37.2
YLR115W,37.2
YLR163C,37.2
YKL170W,37.2
YDR302W,37.1
YKL051W,37.1
YOL023W,37.1
YML021C,37.1
YCR047C,37.1
YCR071C,37.1
YGR038W,37.1
YGL061C,37.1
YNL048W,37.1
YPR155C,37
YBR262C,37
YPL234C,36.9
YIL127C,36.9
YPR107C,36.9
YBR288C,36.8
YEL011W,36.7
YDR246W,36.7
YML046W,36.6
YKR007W,36.6
YCR059C,36.6
YPR135W,36.6
YJL169W,36.6
YNL062C,36.5
YPL188W,36.5
YPR127W,36.5
YNL056W,36.5
YBL018C,36.5
YGR030C,36.4
YOR112W,36.4
YDL223C,36.4
YOR085W,36.4
YAL058W,36.4
YDL025C,36.4
YJR143C,36.3
YIL026C,36.3
YAR042W,36.2
YKL058W,36.2
YGL066W,36.2
YBR081C,36.1
YER044C,36.1
YML116W,36.1
YLR336C,36.1
YOR006C,36
YGR074W,36
YJR041C,35.9
YPR097W,35.9
YIL050W,35.8
YGR292W,35.8
YGR283C,35.8
YGR033C,35.7
YLR373C,35.7
YDR061W,35.7
YKR027W,35.7
YLR418C,35.6
YLR220W,35.6
YOR236W,35.6
YDR476C,35.6
YBR094W,35.5
YKL074C,35.5
YCR044C,35.5
YIL042C,35.5
YBL038W,35.4
YER053C,35.4
YML114C,35.4
YKL041W,35.4
YOR130C,35.3
YJL042W,35.3
YGL213C,35.3
YJL045W,35.3
YMR134W,35.3
YNR032C-A,35.3
YOL095C,35.2
YNL236W,35.2
YML016C,35.1
YER125W,35.1
YDL181W,35
YKR009C,34.9
YGR014W,34.9
YDL193W,34.8
YDR457W,34.8
YGR028W,34.7
YOL088C,34.6
YLR226W,34.6
YCR052W,34.6
YER016W,34.5
YJL198W,34.4
YGR088W,34.4
YNL032W,34.3
YDR124W,34.3
YEL017W,34.3
YMR244C-A,34.3
YLR201C,34.2
YKL053C-A,34.2
YGR112W,34.2
YLR455W,34.2
YML065W,34.2
YCR063W,34.2
YOR304W,34.1
YGR203W,34.1
YER172C,33.9
YDL070W,33.9
YKR070W,33.9
YLR327C,33.8
YKL164C,33.8
YGR246C,33.7
YNL246W,33.7
YDR458C,33.6
YIL149C,33.6
YBR096W,33.6
YJR002W,33.6
YPR111W,33.6
YLR146C,33.6
YHR059W,33.6
YDR229W,33.5
YPL221W,33.5
YKR068C,33.5
YPL115C,33.4
YGL226C-A,33.4
YDR202C,33.3
YLR045C,33.3
YHR192W,33.3
YML082W,33.3
YKR056W,33.2
YLR319C,33.1
YFR031C,33.1
YBL023C,33.1
YOR043W,33.1
YLR290C,33.1
YDR484W,33.1
YLR018C,33
YCL044C,33
YLR003C,33
YDL002C,33
YOL042W,33
YGL086W,33
YOR327C,32.9
YDL130W-A,32.9
YFL047W,32.9
YOL148C,32.9
YNL186W,32.9
YGR186W,32.9
YHR167W,32.9
YPL233W,32.8
YMR301C,32.8
YMR313C,32.8
YBR055C,32.7
YGL155W,32.7
YMR033W,32.6
YBR058C,32.6
YJL179W,32.6
YDR284C,32.6
YLR397C,32.5
YGR262C,32.5
YLL056C,32.5
YLR148W,32.5
YJL016W,32.4
YOR316C,32.4
YDR111C,32.3
YLR440C,32.3
YJL073W,32.2
YIL110W,32.2
YIL036W,32.1
YPL067C,32.1
YER092W,32.1
YDR320C,32.1
YIL135C,32
YGR275W,32
YGL039W,32
YNR007C,32
YGR113W,31.9
YKL206C,31.9
YCR072C,31.9
YLR005W,31.9
YER107C,31.9
YHR081W,31.8
YOL124C,31.8
YGL050W,31.8
YPR023C,31.7
YKL079W,31.7
YGR043C,31.7
YOR048C,31.6
YNL119W,31.6
YAL061W,31.6
YHR106W,31.6
YBR065C,31.5
YPR128C,31.5
YPL137C,31.5
YLR126C,31.5
YLR168C,31.4
YBR185C,31.4
YGL065C,31.4
YGL212W,31.4
YJL208C,31.4
YKL091C,31.4
YGR196C,31.3
YPL026C,31.3
YGR278W,31.3
YOR188W,31.3
YOR143C,31.3
YPR088C,31.3
YML025C,31.2
YDL063C,31.2
YJL065C,31.1
YOR057W,31.1
YNL027W,31.1
YER161C,31.1
YGL211W,31.1
YBR290W,31.1
YDL076C,31.1
YJL201W,31.1
YBR216C,31.1
YOL070C,31
YML034W,31
YLR385C,31
YDL030W,31
YDL156W,30.9
YFR039C,30.9
YAL026C,30.8
YBR212W,30.8
YPL241C,30.8
YBL105C,30.8
YBR187W,30.8
YGR198W,30.7
YGR215W,30.7
YDR348C,30.6
YGR163W,30.6
YMR195W,30.6
YPL118W,30.6
YIL091C,30.5
YLR139C,30.5
YDR527W,30.5
YML060W,30.5
YML009C,30.4
YER013W,30.4
YBR236C,30.4
YBR028C,30.4
YHR043C,30.3
YKL167C,30.3
YOL066C,30.3
YGR147C,30.2
YER128W,30.2
YJL044C,30.2
YDR460W,30.2
YLL038C,30.1
YIL039W,30.1
YNL103W,30.1
YKL155C,30.1
YCL055W,30.1
YBR205W,30.1
YNL139C,30
YJR125C,30
YJR031C,30
YJR074W,29.9
YLR405W,29.8
YML112W,29.8
YKR023W,29.8
YLR178C,29.8
YOL129W,29.7
YCR073W-A,29.7
YNR014W,29.7
YIL103W,29.7
YFL049W,29.6
YNL310C,29.6
YPL011C,29.5
YHL020C,29.5
YOR211C,29.5
YBL001C,29.5
YJL054W,29.4
YHR034C,29.4
YNL106C,29.4
YBR207W,29.4
YDR021W,29.4
YGR181W,29.4
YDR096W,29.4
YMR192W,29.4
YDL042C,29.4
YOR035C,29.3
YBR057C,29.3
YMR284W,29.3
YIL010W,29.3
YBR037C,29.3
YEL044W,29.2
YIL121W,29.2
YOR087W,29.2
YJL212C,29.2
YHR122W,29.1
YLR427W,29.1
YML101C,29.1
YGR105W,29.1
YGL223C,29.1
YFL007W,29
YCR011C,29
YGR171C,29
YBL029C-A,29
YDL090C,28.9
YMR153W,28.9
YBR246W,28.9
YOL031C,28.9
YNL097C,28.9
YHL002W,28.9
YPR047W,28.8
YBR131W,28.8
YBR299W,28.7
YOR220W,28.7
YDL007W,28.7
YNL021W,28.7
YFL017W-A,28.7
YLR237W,28.7
YGR097W,28.6
YOR275C,28.6
YIR035C,28.6
YLL027W,28.6
YNL177C,28.5
YNL336W,28.5
YMR286W,28.5
YGL181W,28.5
YHR123W,28.4
YPL112C,28.4
YKL134C,28.4
YPR051W,28.4
YDR333C,28.4
YOR141C,28.4
YDR410C,28.4
YLR068W,28.4
YBR152W,28.4
YIL090W,28.3
YPL266W,28.3
YDR027C,28.3
YIL023C,28.3
YNL102W,28.2
YDR486C,28.2
YFR018C,28.1
YEL053C,28.1
YOR110W,28.1
YLR382C,28.1
YGL133W,28.1
YKL025C,28.1
YLR310C,28.1
YOL062C,28
YJL090C,28
YOR319W,28
YIL111W,28
YPL213W,27.9
YML102W,27.9
YGR091W,27.9
YOR118W,27.9
YGR075C,27.9
YDL209C,27.8
YNL006W,27.8
YNR033W,27.8
YKL057C,27.8
YBR176W,27.7
YGR021W,27.7
YER127W,27.7
YDR331W,27.7
YDL043C,27.7
YPL162C,27.6
YDL234C,27.6
YIL150C,27.6
YNL040W,27.6
YGL108C,27.6
YGR093W,27.6
YML108W,27.5
YOR074C,27.5
YPL249C,27.5
YLR118C,27.4
YPL069C,27.4
YBR282W,27.4
YFL034C-B,27.4
YDR122W,27.4
YHR086W,27.3
YCR083W,27.3
YAL034W-A,27.3
YBL059C-A,27.2
YOR352W,27.2
YBR242W,27.2
YHR023W,27.2
YJL096W,27.2
YDL224C,27.1
YER018C,27.1
YPL183W-A,27.1
YPR175W,27.1
YJR011C,27.1
YMR004W,27
YJL024C,27
YOR189W,26.9
YBR273C,26.9
YJR044C,26.8
YGR002C,26.8
YDR140W,26.8
YDR182W,26.8
YBR268W,26.8
YJR112W,26.7
YER030W,26.6
YPL203W,26.6
YOR101W,26.5
YPR141C,26.5
YCR026C,26.5
YBR058C-A,26.5
YLR289W,26.4
YDR093W,26.4
Q0250,26.4
YJR005W,26.3
YCL010C,26.3
YAL041W,26.3
YNL262W,26.2
YPL144W,26.2
YDR075W,26.1
YOR155C,26.1
YEL039C,26.1
YML059C,26.1
YGL241W,26
YFL023W,26
YOR105W,26
YFL013C,26
YGR177C,26
YHL048W,26
YPR067W,26
YNL215W,25.9
YJR057W,25.9
YMR086W,25.9
YMR148W,25.9
YHR101C,25.9
YER169W,25.9
YLR209C,25.8
YIL068C,25.8
YAL053W,25.8
YBL021C,25.7
YLL032C,25.7
YGL178W,25.7
YHR127W,25.7
YOR288C,25.6
YHL025W,25.6
YPR001W,25.6
YDL017W,25.6
YHR038W,25.6
YOR201C,25.6
YMR113W,25.6
YNL291C,25.6
YBR102C,25.5
YBR023C,25.5
YDR147W,25.5
YJL155C,25.5
YNR020C,25.5
YHR195W,25.5
YLR275W,25.4
YDL207W,25.4
YNL143C,25.4
YKL214C,25.3
YDR358W,25.3
YOR250C,25.3
YBR269C,25.3
YAL047C,25.3
YPR147C,25.3
YGR100W,25.2
YGR156W,25.2
YER182W,25.2
YOR152C,25.2
YHR082C,25.2
YOR078W,25.2
YLR195C,25.1
YOR274W,25.1
YBR085W,25
YHR132C,25
YFL044C,25
YNL073W,24.9
YHR040W,24.9
YNL253W,24.9
YER034W,24.9
YIL085C,24.9
YNL190W,24.9
YDR176W,24.9
YDL165W,24.8
YCL057C-A,24.8
YJL146W,24.8
YDR180W,24.8
YGL141W,24.8
YOL125W,24.7
YPR081C,24.7
YPR161C,24.7
YNL223W,24.7
YGL091C,24.6
YHR045W,24.6
YHR115C,24.6
YPL055C,24.6
YPL140C,24.6
YOR154W,24.6
YHR109W,24.6
YJL203W,24.6
YPL120W,24.6
YOR111W,24.5
YDL211C,24.5
YDL120W,24.4
YGR252W,24.3
YJL209W,24.3
YPR172W,24.3
YPL104W,24.3
YOR266W,24.2
YOR294W,24.1
YGL083W,24.1
YBR253W,24.1
YER118C,24.1
YCR027C,24
YJL204C,24
YIL047C,23.9
YLR450W,23.9
YDL230W,23.9
YAR009C,23.9
YMR132C,23.9
YMR161W,23.8
YDL087C,23.8
YJR142W,23.8
YPL173W,23.8
YDL148C,23.7
YKR011C,23.7
YER175C,23.7
YOR156C,23.7
YMR258C,23.7
YHL013C,23.7
YDL189W,23.7
YBR073W,23.6
YMR222C,23.6
YER035W,23.6
YGR010W,23.6
YHR118C,23.6
YAL008W,23.5
YMR168C,23.5
YGL004C,23.5
YDR007W,23.5
YEL019C,23.5
YMR135C,23.4
YMR119W,23.4
YHR164C,23.4
YER176W,23.4
YMR282C,23.4
YIL015W,23.4
YDR279W,23.3
YPL023C,23.3
YJR084W,23.3
YKR093W,23.3
YGL018C,23.3
YJL013C,23.3
YJR085C,23.2
YGR169C-A,23.2
YAR014C,23.2
YJL049W,23.1
YKL166C,23.1
YPL045W,23
YBL057C,23
YHR149C,23
YIL096C,22.9
YDR375C,22.9
YOR242C,22.9
YJR122W,22.9
YDR389W,22.9
YFR013W,22.8
YPL049C,22.8
YPL022W,22.8
YKR062W,22.8
YBR122C,22.8
YPR105C,22.8
YOL033W,22.8
YJL062W-A,22.7
YDR371W,22.7
YPR017C,22.7
YGR129W,22.7
YBR095C,22.7
YMR292W,22.6
YHR172W,22.6
YML091C,22.6
YDR448W,22.5
YBL069W,22.5
YGR065C,22.5
YBL082C,22.5
YDR425W,22.5
YLR240W,22.4
YKL197C,22.4
YBR132C,22.4
YGL047W,22.3
YPL216W,22.2
YLR219W,22.2
YDR356W,22.2
YCR068W,22.2
YDL021W,22.1
YPL107W,22.1
YKL023W,22.1
YGR179C,22.1
YHR142W,22.1
YLR138W,22.1
YDR231C,22.1
YDR003W,22
YER079W,22
YDR005C,22
YNR040W,22
YDR515W,22
YNL277W,22
YDL153C,22
YBL078C,21.9
YGR161C,21.9
YIL161W,21.8
YMR003W,21.8
YFL030W,21.8
YPR018W,21.8
YGL071W,21.7
YJR055W,21.7
YFR014C,21.7
YFL029C,21.7
YKR090W,21.7
YNL091W,21.7
YJL036W,21.7
YNR006W,21.6
YEL050C,21.6
YGL196W,21.6
YER061C,21.6
YLR315W,21.6
YBR022W,21.6
YNL326C,21.6
YKL092C,21.6
YBR024W,21.6
YDL164C,21.6
YGL156W,21.6
YNR009W,21.5
YEL012W,21.5
YDL003W,21.5
YOR161C-C,21.5
YKR052C,21.5
YJL006C,21.4
YHR084W,21.4
YJL005W,21.4
YNR029C,21.4
YHL019C,21.4
YKL095W,21.4
YDR173C,21.4
YIL162W,21.3
YDR169C,21.3
YNL304W,21.3
YDR310C,21.3
YCR060W,21.3
YOR104W,21.3
YER124C,21.3
YNL047C,21.3
YIL066C,21.2
YPL152W,21.2
YOR238W,21.1
YPR170W-B,21.1
YJL053W,21.1
YDL080C,21.1
YJR097W,21.1
YER114C,21.1
YHR206W,21.1
YOL051W,21
YPR098C,21
YGR072W,21
YNL051W,21
YML098W,21
YGR251W,21
YER166W,21
YLR020C,21
YLL043W,20.9
YGR237C,20.9
YLR272C,20.9
YDR295C,20.9
YDR069C,20.9
YCR105W,20.9
YKL116C,20.9
YMR233W,20.9
YKR049C,20.9
YBR016W,20.9
YJL168C,20.8
YJR062C,20.8
YBR119W,20.8
YNL130C,20.8
YDR376W,20.8
YBR258C,20.8
YLR229C,20.8
YGR184C,20.8
YHR116W,20.7
YHL032C,20.7
YDR252W,20.7
YOR037W,20.7
YBL098W,20.7
YKL061W,20.7
YDL010W,20.7
YML014W,20.7
YDR196C,20.7
YOR367W,20.7
YMR231W,20.7
YIL143C,20.7
YDL012C,20.6
YHL009C,20.6
YLR144C,20.6
YBR272C,20.6
YOR062C,20.6
YGL119W,20.6
YDR244W,20.6
YDR305C,20.5
YLL021W,20.5
YBR173C,20.5
YLR188W,20.4
YNL329C,20.4
YJR043C,20.4
YJR083C,20.4
YFL021W,20.4
YNR047W,20.4
YOR050C,20.4
YCR020C-A,20.3
YGR036C,20.3
YHR181W,20.3
YBR001C,20.3
YDL044C,20.3
YNR019W,20.3
YKL082C,20.2
YOL013C,20.2
YPR133W-A,20.2
YNL129W,20.2
YML131W,20.2
YMR124W,20.1
YPL119C,20.1
YNL278W,20.1
YKL209C,20.1
YBR188C,20
YLR104W,20
YGL171W,20
YOL045W,20
YDR261C,20
YDR312W,20
YOR131C,20
YGR274C,19.9
YDR088C,19.9
YJR091C,19.9
YJR046W,19.9
YDL107W,19.8
YOR321W,19.8
YGR117C,19.8
YOR060C,19.8
YLR026C,19.8
YBL037W,19.8
YML121W,19.8
YKL119C,19.7
YLR268W,19.7
YBR291C,19.7
YPR167C,19.6
YLR253W,19.6
YKL059C,19.6
YDR248C,19.6
YBL046W,19.6
YLR430W,19.6
YLR006C,19.6
YER162C,19.6
YOR299W,19.5
YPL064C,19.5
YGR068C,19.5
YGL130W,19.5
YKR075C,19.5
YHR028C,19.5
YDR320C-A,19.5
YIL008W,19.4
YJR147W,19.4
YOR320C,19.4
YGR125W,19.4
YNL282W,19.3
YLR050C,19.3
YMR175W,19.3
YBR274W,19.3
YAR028W,19.3
YOR017W,19.3
YPL051W,19.3
YER059W,19.3
YOL034W,19.3
YDR538W,19.3
YLR417W,19.3
YHR073W,19.3
YJL102W,19.2
YGR024C,19.2
YDR329C,19.2
YNL208W,19.2
YGR138C,19.2
YDR288W,19.2
YFR055W,19.2
YBR197C,19.2
YMR084W,19.1
YNL227C,19.1
YDR365W-A,19.1
YLR157C-A,19.1
YPL257W-A,19.1
YPR048W,19.1
YER137C-A,19.1
YCR042C,19.1
YFL050C,19
YJL081C,19
YMR048W,19
YML029W,19
YHL018W,19
YLL031C,19
YFR021W,19
YPL047W,19
YDL079C,19
YBL102W,18.9
YNL169C,18.9
YML061C,18.9
YDR261C-C,18.9
YMR098C,18.9
YDR440W,18.9
YBR158W,18.9
YMR310C,18.9
YJR093C,18.9
YOR342C,18.8
YJR034W,18.8
YML038C,18.8
YOR083W,18.8
YNR024W,18.8
YMR163C,18.8
YIL130W,18.8
YGL021W,18.7
YDR197W,18.7
YNL099C,18.6
YGL017W,18.6
YKR085C,18.6
YPL222W,18.6
YGL067W,18.6
YJL079C,18.5
YDR183W,18.5
YLR393W,18.5
YDR016C,18.4
YHL027W,18.4
YGL084C,18.4
YJL184W,18.3
YDR103W,18.3
YPL109C,18.3
YDR475C,18.3
YOR179C,18.3
YHL014C,18.3
YLL006W,18.3
YNL192W,18.3
YIL095W,18.3
YML007W,18.2
YGL094C,18.2
YDR495C,18.2
YHR056C,18.1
YML020W,18.1
YCR086W,18.1
YLR160C,18.1
YBR083W,18
YPL181W,18
YPR137C-A,18
YAR010C,18
YER163C,17.9
YLR117C,17.9
YER087C-B,17.9
YML007C-A,17.9
YHR138C,17.9
YOR304C-A,17.8
YBR238C,17.8
YAR050W,17.8
YNL094W,17.7
YHR119W,17.7
YMR144W,17.7
YNR075W,17.7
YKL055C,17.7
YIL048W,17.7
YGL169W,17.7
YLR096W,17.7
YBR154C,17.6
YJR067C,17.6
YLR214W,17.6
YIL030C,17.6
YKR076W,17.6
YKL018W,17.6
YGL127C,17.6
YAL032C,17.6
YHR154W,17.6
YER152C,17.5
YOR084W,17.5
YMR225C,17.5
YDR325W,17.5
YLR436C,17.5
YLL014W,17.5
YAL017W,17.5
YLR337C,17.5
YMR240C,17.5
YDR470C,17.5
YDL175C,17.5
YGL227W,17.5
YIL157C,17.4
YOL069W,17.4
YOR329C,17.4
YLR298C,17.4
YLR254C,17.4
YOR355W,17.4
YDL220C,17.3
YML040W,17.3
YOL075C,17.3
YJR026W,17.3
YGL140C,17.3
YDR416W,17.3
YLR227W-A,17.3
YOR202W,17.3
YGL098W,17.2
YDR256C,17.2
YOR371C,17.2
YGR174C,17.2
YDR219C,17.2
YFR048W,17.2
YPL097W,17.2
YLR390W,17.2
YPR178W,17.2
YDL004W,17.1
YNL218W,17.1
YNL238W,17.1
YIL014W,17.1
YIL108W,17.1
YNL299W,17.1
YHL038C,17.1
YPL191C,17.1
YKL140W,17
YDR381C-A,17
YDR247W,17
YGL254W,17
YBR289W,16.9
YOR377W,16.9
YKR017C,16.9
YML107C,16.9
YML039W,16.9
YNR032W,16.9
YDR235W,16.8
YOL146W,16.8
YJL029C,16.8
YIR011C,16.8
YGR247W,16.8
YJR056C,16.8
YDR444W,16.7
YOR353C,16.7
YPR116W,16.7
YLR177W,16.7
YDR139C,16.7
YPL057C,16.7
YIL107C,16.7
YNL271C,16.7
YPR042C,16.6
YLR218C,16.6
YFR041C,16.6
YOL103W-A,16.6
YBR192W,16.6
YKL194C,16.6
YBR042C,16.5
YBR047W,16.5
YOR278W,16.5
YPR188C,16.5
YNL124W,16.4
YPL040C,16.4
YGR027W-A,16.4
YBR137W,16.4
YER007W,16.4
YLR377C,16.4
YBR193C,16.4
YPL007C,16.4
YLR442C,16.4
YER100W,16.4
YLR361C,16.4
YMR077C,16.4
YNL316C,16.3
YJL091C,16.3
YJR022W,16.3
YNL267W,16.3
YDR218C,16.3
YCL018W,16.3
YDL157C,16.3
YPR158C-C,16.3
YDR384C,16.3
YIL040W,16.3
YKR086W,16.2
YDR307W,16.2
YJR092W,16.2
YDR439W,16.2
YIR015W,16.2
YJR028W,16.2
YLR426W,16.2
YMR010W,16.2
YJR050W,16.1
YER008C,16.1
YCR038C,16.1
YJR001W,16.1
YDL119C,16.1
YBR111W-A,16.1
YDR034W-B,16.1
YGR295C,16.1
YDR115W,16.1
YOR140W,16.1
YCR018C,16.1
YOR038C,16.1
YIL088C,16
YLR088W,16
YBR223C,16
YPL001W,16
YPR055W,16
YNL224C,16
YDR227W,15.9
YNL200C,15.9
YDR456W,15.9
YBR129C,15.9
YNL259C,15.9
YKL173W,15.8
YER132C,15.8
YER029C,15.8
YOL107W,15.8
YMR140W,15.8
YDR392W,15.8
YOR350C,15.8
YKR083C,15.7
YGR111W,15.7
YOR264W,15.7
YDR237W,15.7
YBL104C,15.6
YJR095W,15.6
YER050C,15.6
YKL184W,15.6
YLR454W,15.6
YDR308C,15.5
YIL123W,15.5
YBL101C,15.5
YLR396C,15.5
YPL029W,15.5
YKR104W,15.5
YOL141W,15.5
YGL006W,15.4
YHR198C,15.4
YGL035C,15.4
YFR017C,15.4
YJR098C,15.4
YDR473C,15.4
YGL216W,15.4
YBR103W,15.3
YHR102W,15.3
YGR269W,15.3
YGL250W,15.2
YJL058C,15.2
YGL166W,15.2
YLR103C,15.2
YGR161C-D,15.2
YLL058W,15.2
YIL144W,15.2
YDL197C,15.2
YGL053W,15.1
YBR161W,15.1
YDR098C-A,15.1
YHR120W,15.1
YKL185W,15.1
YPR057W,15
YDR363W,15
YML015C,15
YOR248W,15
YNL020C,15
YDL159W,15
YBR231C,15
YDR105C,15
YAL022C,15
YAL062W,15
YER159C-A,14.9
YDR316W-A,14.9
YGR161C-C,14.9
YDR084C,14.9
YKL005C,14.9
YPL253C,14.9
YDR364C,14.9
YDR505C,14.9
YBR211C,14.9
YMR051C,14.9
YPL138C,14.9
YJL062W,14.9
YER019W,14.9
YGL191W,14.9
YHR165C,14.9
YPL245W,14.9
YMR052W,14.8
YHR099W,14.8
YLR260W,14.8
YGL005C,14.8
YMR060C,14.8
YCR017C,14.8
YDR110W,14.7
YBR074W,14.7
YMR223W,14.7
YEL043W,14.7
YER101C,14.7
YGR038C-A,14.7
YNL283C,14.7
YER093C-A,14.6
YNR003C,14.6
YOR311C,14.6
YKL002W,14.6
YKL165C,14.6
YEL056W,14.6
YPL018W,14.6
YPL186C,14.6
YBR264C,14.5
YKL049C,14.5
YDR013W,14.5
YDR499W,14.5
YJR134C,14.4
YPR158W-A,14.4
YOR142W-A,14.4
YER015W,14.4
Q0140,14.4
YCL032W,14.4
YBR012W-A,14.4
YFR046C,14.4
YBR163W,14.3
YMR166C,14.3
YLR223C,14.3
YGL222C,14.3
YNL116W,14.3
YIL079C,14.3
YGR058W,14.3
YOR339C,14.3
YPL155C,14.3
YAR027W,14.2
YOL028C,14.2
YMR032W,14.2
YGL126W,14.2
YIL131C,14.2
YKL189W,14.1
YML011C,14.1
YNL054W-A,14.1
YGR286C,14.1
YOL112W,14.1
YPR179C,14.1
YLR251W,14
YOL081W,14
YLR021W,14
YNL026W,14
YPL175W,14
YER064C,14
YNR004W,14
YGR140W,14
YKL139W,14
YBR233W,13.9
YER113C,13.9
YGL013C,13.9
YKL141W,13.9
YOR213C,13.9
YDR511W,13.8
YDR210C-C,13.8
YLR364W,13.8
YPL005W,13.8
YLR190W,13.8
YBR060C,13.8
YML032C,13.8
YNL024C,13.8
YCR081W,13.7
YFR038W,13.7
YDR164C,13.7
YGL100W,13.7
YCL016C,13.7
YOR018W,13.7
YMR247C,13.7
YML037C,13.6
YJR051W,13.6
YDR411C,13.6
YLR375W,13.6
YLR034C,13.6
YHR041C,13.6
YIL098C,13.6
YJR110W,13.6
YJR024C,13.5
YOR247W,13.5
YPR184W,13.5
YGL079W,13.5
YOL046C,13.5
YKR029C,13.5
YPR176C,13.5
YOR221C,13.5
YDR065W,13.4
YMR319C,13.4
YMR102C,13.4
YER071C,13.4
YBL111C,13.4
YNR010W,13.4
YGR166W,13.4
YIL140W,13.4
YPL074W,13.4
YDR339C,13.4
YJL187C,13.3
YEL066W,13.3
YLR086W,13.3
YKR100C,13.3
YPL070W,13.3
YOR244W,13.2
YPL141C,13.2
YOL105C,13.2
YLR358C,13.2
YMR104C,13.2
YPL013C,13.2
YDR080W,13.2
YDL006W,13.2
YOR227W,13.2
YML064C,13.2
YLR326W,13.2
YPR131C,13.2
YDL027C,13.2
YLR193C,13.1
YOR307C,13.1
YOR373W,13.1
YDR066C,13.1
YOR233W,13.1
YHR129C,13.1
YLR239C,13.1
YIR010W,13.1
YPR008W,13
YGL209W,13
YNR012W,13
YEL006W,13
YNL311C,13
YDR419W,13
YBL041W,13
YML005W,13
YDL008W,13
YPL256C,13
YGR270W,12.9
YOR237W,12.9
YGL159W,12.9
YMR007W,12.9
YDR334W,12.9
YGL023C,12.9
YPL196W,12.8
YDL035C,12.8
YDR205W,12.8
YGL045W,12.8
YKL100C,12.8
YOR026W,12.8
YDR316W,12.8
YEL036C,12.8
YPR032W,12.8
YLR032W,12.8
YMR009W,12.8
YNL286W,12.8
YJR154W,12.7
YGR099W,12.7
YBR162W-A,12.7
YPL255W,12.7
YMR227C,12.7
YPR075C,12.6
YOL068C,12.6
YOR328W,12.6
YNL140C,12.6
YHR161C,12.6
YJL127C,12.6
YHR144C,12.6
YDL033C,12.6
YKR028W,12.5
YDR313C,12.5
YHR110W,12.5
YPL065W,12.5
YMR054W,12.5
YAL011W,12.5
YKL099C,12.5
YOL065C,12.5
YOR358W,12.5
YNR049C,12.5
YLR082C,12.5
YGR013W,12.5
YML045W-A,12.5
YNR074C,12.5
YLR011W,12.4
YDR441C,12.4
YIL159W,12.4
YJR118C,12.4
YLR016C,12.4
YJR133W,12.4
YCL039W,12.4
YHR113W,12.3
YGR134W,12.3
YMR001C,12.3
YHR182W,12.3
YJL048C,12.3
YHR033W,12.3
YHR036W,12.3
YJR136C,12.3
YDR222W,12.3
YKL043W,12.3
YPL024W,12.3
YOR291W,12.3
YBR254C,12.2
YMR068W,12.2
YLR271W,12.2
YMR030W,12.2
YJR129C,12.2
YNR036C,12.2
YOR011W,12.2
YCR082W,12.2
YMR263W,12.2
YMR269W,12.1
YBL084C,12.1
YNL250W,12.1
YJL174W,12.1
YIL119C,12.1
YJL107C,12.1
YDR118W,12
YDR268W,12
YMR097C,12
YIL024C,12
YLR015W,12
YDL115C,12
YDR520C,11.9
YMR037C,11.9
YMR211W,11.9
YNL127W,11.9
YPR186C,11.9
YIL097W,11.9
YOR305W,11.9
YDR480W,11.9
YDR277C,11.9
YJL084C,11.9
YOR119C,11.9
YNL225C,11.8
YJR066W,11.8
YLR187W,11.8
YDL170W,11.8
YPR066W,11.8
YHR214C-C,11.8
YPL281C,11.8
YKL203C,11.8
YHR044C,11.8
YBR133C,11.8
YNL075W,11.8
YJL099W,11.8
YJL030W,11.8
YKR078W,11.8
YPL075W,11.8
YBL010C,11.8
YLL002W,11.7
YGR182C,11.7
YDL104C,11.7
YKR089C,11.7
YCR028C,11.7
YJR140C,11.7
YGL185C,11.7
YDR039C,11.7
YMR232W,11.7
YMR264W,11.7
YNL221C,11.7
YGL229C,11.6
YDL098C,11.6
YBL080C,11.6
YOL072W,11.6
YDR309C,11.6
YGL242C,11.6
YGR089W,11.6
YDR407C,11.6
YPR119W,11.6
YOR284W,11.6
YDR038C,11.5
YLR065C,11.5
YLR362W,11.5
YNL167C,11.5
YMR209C,11.5
YLR078C,11.5
YDR204W,11.5
YGL248W,11.5
YKR020W,11.5
YNL245C,11.5
YLR194C,11.5
YBR117C,11.5
YMR213W,11.4
YLR243W,11.4
YPL257W-B,11.4
YDR469W,11.4
YKR031C,11.4
YKL207W,11.4
YAR064W,11.4
YPR152C,11.4
YML019W,11.4
YDR216W,11.4
YHR061C,11.3
YDR301W,11.3
YDR400W,11.3
YJR058C,11.3
YGL240W,11.3
YLR157C-B,11.3
YER147C,11.3
YGR121C,11.3
YER138C,11.2
YLR408C,11.2
YBL090W,11.2
YKL086W,11.2
YMR026C,11.2
YHR155W,11.1
YMR299C,11.1
YOR322C,11.1
YNL003C,11.1
YNL065W,11
YJR013W,11
YCR015C,11
YOL019W,11
YDR079W,11
YMR073C,11
YJL133W,11
YBR071W,10.9
YGL117W,10.9
YHR194W,10.9
YKL064W,10.9
YLR457C,10.9
YLR403W,10.9
YCL034W,10.9
YCL033C,10.9
YMR287C,10.9
YMR312W,10.9
YPL062W,10.8
YOR045W,10.8
YOR349W,10.8
YLR299W,10.8
YDR090C,10.7
YBL013W,10.7
YNL083W,10.7
YGL180W,10.7
YOL117W,10.7
YMR182C,10.7
YHR097C,10.7
YDR463W,10.7
YCR037C,10.7
YKR095W-A,10.7
YDL113C,10.6
YLR108C,10.6
YDR259C,10.6
YER084W,10.6
YFL024C,10.6
YBR233W-A,10.6
YBL086C,10.6
YJR078W,10.6
YPL163C,10.6
YMR323W,10.5
YMR171C,10.5
YPR171W,10.5
YOL082W,10.5
YCR094W,10.5
YDR200C,10.5
YBR293W,10.5
YNL273W,10.5
YPR101W,10.5
YOR393W,10.5
YOR126C,10.5
YGR047C,10.4
YOL134C,10.4
YBR237W,10.4
YJL070C,10.4
YDR076W,10.4
YOR097C,10.4
YOR246C,10.4
YDR198C,10.4
YBL054W,10.4
YKL018C-A,10.4
YBR013C,10.4
YDR240C,10.3
YOL100W,10.3
YGR005C,10.3
YLR071C,10.3
YKL075C,10.3
YPR104C,10.3
YBR140C,10.3
YDR378C,10.2
YDR323C,10.2
YNL076W,10.2
YOR059C,10.2
YKL078W,10.2
YDR379W,10.2
YKR069W,10.2
YKL017C,10.2
YOR337W,10.2
YGL256W,10.2
YFL034W,10.2
YPR122W,10.2
YDR362C,10.2
YIL003W,10.2
YLR278C,10.2
YMR267W,10.1
YBL103C,10.1
YBR043C,10.1
YOR357C,10.1
YNL213C,10.1
YGL226W,10.1
YMR174C,10.1
YOL002C,10.1
YNR055C,10.1
YJL147C,10
YJR015W,10
YBR104W,9.99
YJR053W,9.99
YBR241C,9.96
YDR494W,9.94
YLR130C,9.94
YNL074C,9.93
YLR067C,9.92
YLR282C,9.92
YMR075W,9.91
YCR092C,9.9
YER183C,9.87
YAL013W,9.84
YKL149C,9.84
YAL027W,9.81
YMR219W,9.8
YBR167C,9.79
YAL010C,9.77
YGL161C,9.77
YJR033C,9.74
YGL186C,9.73
YNL233W,9.67
YOL102C,9.66
YAL028W,9.65
YOL108C,9.65
YMR126C,9.65
YGR104C,9.63
YOR336W,9.62
YIR007W,9.62
YGR289C,9.62
YER005W,9.61
YDR073W,9.61
YEL018W,9.6
YOR081C,9.6
YFR003C,9.6
YGL162W,9.58
YPL247C,9.56
YLR323C,9.56
YGL143C,9.55
YGL025C,9.53
YKL162C,9.52
YHR175W,9.51
YOL007C,9.5
YPR079W,9.5
YNL011C,9.49
YML076C,9.48
YPL014W,9.47
YDR435C,9.46
YNL081C,9.46
YGR071C,9.46
YOR161C,9.45
YIL045W,9.44
YMR201C,9.42
YNL086W,9.42
YPL229W,9.42
YDR422C,9.39
YLR094C,9.39
YBL107C,9.37
YGL197W,9.34
YHR011W,9.34
YOR100C,9.32
YDR370C,9.31
YIL084C,9.29
YMR016C,9.29
YKL048C,9.29
YER146W,9.28
YGL257C,9.28
YCL008C,9.27
YDR081C,9.23
YDR239C,9.22
YGR206W,9.21
YOR279C,9.21
YNL199C,9.2
YJL137C,9.19
YER170W,9.17
YJR135C,9.17
YPL002C,9.16
YPR115W,9.16
YLR360W,9.16
YGL075C,9.16
YLR316C,9.14
YOL103W-B,9.12
YOR148C,9.11
YOR205C,9.11
YHR212C,9.11
YHR060W,9.07
YBR146W,9.06
YOL009C,9.04
YCL014W,9.04
YKL168C,9.03
YDR236C,9.03
YJR006W,9.02
YNR005C,9.01
YGR102C,9.01
YNL161W,8.99
YBR007C,8.99
YKR004C,8.98
YGL064C,8.97
YKL042W,8.97
YOR231W,8.96
YDL233W,8.95
YGR271W,8.94
YOL048C,8.93
YNL039W,8.93
YKL146W,8.93
YKR099W,8.9
YDR275W,8.89
YLR001C,8.87
YPL193W,8.87
YIR005W,8.87
YAR035W,8.85
YPL101W,8.85
YPR065W,8.84
YDR184C,8.82
YDL001W,8.82
YIL077C,8.82
YGL059W,8.82
YOR280C,8.82
YNL261W,8.82
YGL175C,8.81
YPL038W,8.81
YOL113W,8.8
YKL006C-A,8.79
YNR023W,8.79
YPL016W,8.78
YDL241W,8.77
YKR036C,8.77
YLR036C,8.76
YIL007C,8.75
YNL133C,8.75
YGR169C,8.74
YKL137W,8.74
YGL174W,8.72
YPL089C,8.72
YNL217W,8.72
YPR094W,8.71
YKL144C,8.71
YGR222W,8.71
YDR482C,8.7
YLL015W,8.69
YGL036W,8.67
YLR305C,8.65
YDR163W,8.65
YNL093W,8.65
YOR002W,8.64
YDR490C,8.63
YBL097W,8.63
YNL249C,8.63
YCL026C-B,8.62
YNL068C,8.61
YJR090C,8.6
YKL050C,8.6
YBR070C,8.6
YLR131C,8.59
YCR008W,8.59
YAR003W,8.58
YNL142W,8.58
YOR290C,8.53
YOR058C,8.53
YMR275C,8.53
YPL166W,8.52
YER090C-A,8.51
YER011W,8.49
YHR152W,8.48
YDL155W,8.47
YDR318W,8.46
YML027W,8.45
YNL214W,8.44
YIR030C,8.44
YMR289W,8.42
YBR006W,8.39
YIL004C,8.38
YLR460C,8.37
YDR524C,8.34
YCL029C,8.34
YGL032C,8.33
YAL031C,8.32
YNR070W,8.32
YJR146W,8.32
YBR225W,8.32
YGL090W,8.3
YDR031W,8.3
YKR022C,8.28
YNL242W,8.26
YLR392C,8.26
YGR126W,8.25
YPL020C,8.25
YLR267W,8.24
YOL078W,8.22
YPL006W,8.21
YDR144C,8.19
YOL044W,8.19
YCL047C,8.19
YOL110W,8.18
YLR404W,8.17
YGL010W,8.17
YDR485C,8.17
YBL059W,8.17
YOL138C,8.16
YNL230C,8.14
YOR386W,8.13
YLR297W,8.13
YDR379C-A,8.12
YIR009W,8.11
YNL053W,8.09
YML111W,8.08
YCL061C,8.08
YGR276C,8.05
YBL008W,8.05
YDR518W,8.03
YLR376C,8.02
YOL130W,8.02
YNL328C,8.01
YLR079W,8
YJL057C,8
YDR207C,8
YLL007C,7.99
YDR089W,7.99
YJR008W,7.99
YLL062C,7.96
YGR258C,7.96
YAL009W,7.96
YMR138W,7.96
YER010C,7.96
YGR077C,7.95
YDR532C,7.94
YIL061C,7.94
YDR282C,7.94
YDL222C,7.92
YMR283C,7.92
YLR072W,7.92
YKR054C,7.91
YDL142C,7.91
YPL123C,7.91
YGL139W,7.9
YBR255W,7.9
YER075C,7.9
YHL023C,7.89
YLR142W,7.88
YNL092W,7.88
YJL161W,7.87
YDR181C,7.87
YGL236C,7.87
YCR024C,7.87
YDR503C,7.87
YNL080C,7.85
YCL012C,7.83
YMR008C,7.83
YEL009C,7.81
YAL024C,7.8
YJL035C,7.8
YIL160C,7.78
YOL133W,7.78
YNL260C,7.77
YIR023W,7.77
YNL309W,7.77
YNL148C,7.77
YOR372C,7.76
YDL177C,7.76
YBR278W,7.76
YPL046C,7.75
YOR064C,7.74
YKR037C,7.74
YDR452W,7.73
YIR031C,7.73
YJL141C,7.73
YPR134W,7.73
YDR437W,7.73
YOR075W,7.71
YIR033W,7.71
YPL133C,7.7
YOR330C,7.68
YJL214W,7.67
YDL036C,7.67
YNL125C,7.65
YOR034C,7.65
YNL254C,7.64
YPL042C,7.63
YMR160W,7.62
YMR197C,7.62
YDR057W,7.62
YHL026C,7.61
YER129W,7.6
YER040W,7.6
YGR268C,7.6
YKL084W,7.59
YMR112C,7.58
YAL001C,7.58
YGL208W,7.55
YBR229C,7.54
YDL146W,7.53
YMR218C,7.53
YOR020W-A,7.52
YDR291W,7.51
YOR076C,7.51
YMR253C,7.5
YMR288W,7.5
YPL180W,7.48
YOL011W,7.48
YGR216C,7.48
YJR161C,7.48
YJR079W,7.47
YEL065W,7.41
YML051W,7.41
YHR156C,7.41
YJL210W,7.38
YLL003W,7.38
YHR067W,7.34
YDR179C,7.34
YMR066W,7.33
YMR268C,7.33
YKL039W,7.32
YNL293W,7.31
YML104C,7.3
YDR213W,7.28
YIL129C,7.28
YDR504C,7.27
YER087W,7.26
YER173W,7.26
YKL015W,7.25
YIL156W,7.24
YML081W,7.24
YEL014C,7.22
YIL122W,7.21
YKL033W,7.19
YOR115C,7.19
YGL247W,7.18
YHR004C,7.17
YOR245C,7.16
YIL114C,7.15
YMR023C,7.15
YJL165C,7.13
YEL025C,7.12
YML036W,7.12
YNL275W,7.12
YAR019C,7.11
YNR044W,7.1
YKR063C,7.04
YOR129C,7.03
YGL085W,7.03
YJR099W,7.03
YNL095C,7.02
YER051W,7.02
YAL002W,7.02
YMR106C,7.02
YOR334W,7.01
YOL119C,7.01
YGR009C,7
YNL046W,6.99
YDR009W,6.98
YGL041W-A,6.98
YDR137W,6.98
YFR008W,6.97
YBR066C,6.97
YDR014W,6.96
YNL072W,6.94
YDR208W,6.94
YCR010C,6.93
YJL003W,6.93
YLR437C,6.92
YJR119C,6.92
YHL035C,6.92
YGR041W,6.91
YLR063W,6.91
YMR316W,6.91
YKL105C,6.9
YPR054W,6.89
YDR185C,6.89
YBL095W,6.85
YNR028W,6.85
YKL019W,6.84
YJR052W,6.84
YOL103W,6.83
YNL023C,6.82
YMR181C,6.81
YML053C,6.8
YDR052C,6.8
YDR159W,6.8
YMR293C,6.74
YFR023W,6.73
Q0045,6.72
YNL146W,6.71
YNL115C,6.71
YMR162C,6.69
YDL048C,6.69
YBR141C,6.69
YGR122W,6.69
YOR295W,6.68
YJL025W,6.68
YIL147C,6.67
YGR027W-B,6.67
YDR254W,6.64
YDR283C,6.63
YBR125C,6.63
YFR026C,6.63
YHR103W,6.6
YMR204C,6.59
YJL149W,6.59
YDL056W,6.58
YEL068C,6.56
YDR146C,6.56
YER111C,6.54
YGR143W,6.54
YDR128W,6.51
YJR141W,6.51
YGR287C,6.49
YDR488C,6.49
YDL127W,6.48
YKL108W,6.47
YER077C,6.45
YNR045W,6.43
YIL056W,6.43
YOR287C,6.43
YJR156C,6.42
YNL298W,6.41
YPR046W,6.41
YNL234W,6.39
YMR159C,6.38
YHL031C,6.38
YPL088W,6.38
YJL023C,6.38
YNL284C-A,6.38
YBL067C,6.36
YNL325C,6.34
YML109W,6.34
YER158C,6.33
YLR453C,6.33
YOR033C,6.32
YMR130W,6.32
YDL240W,6.3
YIL101C,6.3
YFL027C,6.3
YPL099C,6.29
YKL138C-A,6.28
YJL144W,6.26
YBL088C,6.26
YNR041C,6.26
YPL076W,6.25
YPL267W,6.24
YDR186C,6.23
YDR357C,6.23
YLR431C,6.23
YDR123C,6.22
YGR056W,6.21
YML132W,6.21
YOR257W,6.2
YDR034C,6.2
YPL250C,6.2
YLR154C,6.2
YNL289W,6.2
YKL089W,6.18
YPR137C-B,6.18
YGL154C,6.16
YKL101W,6.15
YGR146C,6.15
YDR162C,6.13
YLR162W,6.13
YBR295W,6.13
YDR423C,6.11
YML023C,6.1
YJR082C,6.1
YIL031W,6.09
YDL139C,6.08
YDL059C,6.07
YGR057C,6.06
YBR150C,6.06
YGR142W,6.05
YNL151C,6.04
YNL078W,6.04
YOL157C,6.03
YOR022C,6.02
YDL077C,6.02
YGL073W,6.01
YBR215W,6.01
YLR189C,6.01
YLR422W,5.99
YLR424W,5.99
YCL049C,5.98
YLR085C,5.97
YGL128C,5.97
YKR021W,5.97
YML088W,5.97
YER187W,5.97
YDL089W,5.97
YOR113W,5.96
YPL124W,5.95
YBR257W,5.94
YGL224C,5.9
YAL051W,5.9
YDR142C,5.89
YLR077W,5.88
YMR107W,5.87
YJL132W,5.86
YDR206W,5.86
YDR043C,5.86
YDR072C,5.86
YNL077W,5.85
YNR039C,5.85
YNR031C,5.84
YGR141W,5.82
YPL149W,5.82
YPL083C,5.8
YDR261C-D,5.79
YML068W,5.78
YLR073C,5.78
YDR528W,5.76
YJR151C,5.76
YGL093W,5.74
YOR384W,5.74
YFR005C,5.74
YLR035C,5.71
YMR064W,5.71
YLR145W,5.71
YKL159C,5.7
YLR183C,5.7
YCR033W,5.7
YPR095C,5.7
YPL130W,5.67
YBR271W,5.66
YHR057C,5.64
YOL052C-A,5.64
YJL056C,5.63
YAL044W-A,5.59
YDL203C,5.58
YJR054W,5.57
YER153C,5.57
YLR456W,5.56
YHR031C,5.56
YDL221W,5.55
YNL128W,5.54
YCR079W,5.54
YJL004C,5.54
YOR344C,5.53
YDR026C,5.52
YGR062C,5.51
YKR010C,5.49
YOL053W,5.48
YOR385W,5.48
YNL058C,5.48
YMR207C,5.47
YNL321W,5.46
YDR506C,5.46
YDR217C,5.44
YDR365W-B,5.44
YNL082W,5.42
YFL011W,5.41
YIR017C,5.4
YDR287W,5.4
YDR201W,5.39
YIL071C,5.38
YHR159W,5.37
YGL002W,5.36
YDL085W,5.35
YPL177C,5.35
YMR158W,5.35
YER150W,5.35
YGL205W,5.33
YDR210W-B,5.33
YPL072W,5.32
YPL095C,5.31
YBL005W-A,5.31
YJR138W,5.31
YLR127C,5.3
YJR012C,5.28
YPR083W,5.27
YNL295W,5.27
YOL116W,5.27
YNL009W,5.26
YGL219C,5.25
YIR032C,5.23
YER142C,5.23
YIL067C,5.21
YPL258C,5.21
YDL129W,5.21
YDR436W,5.2
YDL069C,5.2
YMR224C,5.17
YBR097W,5.17
YML043C,5.17
YMR257C,5.16
YIL156W-B,5.14
YML006C,5.14
YPL021W,5.14
YMR046C,5.14
YPR106W,5.13
YIL054W,5.12
YPL223C,5.12
YKL045W,5.11
YDR022C,5.11
YOL137W,5.1
YFL042C,5.09
YJL110C,5.08
YDL183C,5.08
YKR019C,5.08
YDL117W,5.07
YLR313C,5.07
YKL012W,5.05
YNL029C,5.05
YPR068C,5.05
YGL199C,5.04
YBR275C,5.03
YAR031W,5.01
YLR284C,4.99
YPL148C,4.98
YCL024W,4.98
YLR137W,4.98
YGL124C,4.97
YMR167W,4.96
YEL062W,4.95
YGR151C,4.95
YHR204W,4.95
YNL334C,4.95
YBL052C,4.94
YJR029W,4.94
YNL159C,4.93
YIL132C,4.92
YJR027W,4.92
YPL219W,4.91
YOL096C,4.91
YIL117C,4.9
YMR273C,4.9
YBR157C,4.9
YPR003C,4.89
YNL162W-A,4.89
YOL155C,4.88
YDR349C,4.88
YPR158C-D,4.88
YPL269W,4.87
YKL121W,4.87
YOL017W,4.87
YJR019C,4.87
YPL167C,4.85
YPR061C,4.85
YMR101C,4.85
YLR227W-B,4.84
YPL060W,4.84
YKL133C,4.84
YKL218C,4.84
YHR178W,4.82
YDR512C,4.82
YNL263C,4.82
YIL158W,4.81
YOR080W,4.81
YLR383W,4.79
YOR070C,4.78
YHL024W,4.78
YOL025W,4.77
YNL107W,4.76
YGR201C,4.74
YDL050C,4.74
YLR176C,4.74
YNR066C,4.74
YOR106W,4.73
YGL057C,4.72
YLR098C,4.69
YNL050C,4.69
YBR195C,4.68
YCR065W,4.67
YBR156C,4.67
YDR493W,4.67
YNL202W,4.66
YCR107W,4.64
YGR188C,4.64
YOR256C,4.63
YPL103C,4.63
YER185W,4.63
YMR050C,4.63
YKL124W,4.63
YDR098C-B,4.63
YOR258W,4.63
YBL019W,4.62
YDR191W,4.61
YNL136W,4.6
YDL248W,4.59
YOL089C,4.58
YCR069W,4.57
YBR114W,4.57
YJL031C,4.56
YNL165W,4.56
YGR003W,4.56
YGR038C-B,4.55
YLR423C,4.55
YLR265C,4.54
YNR011C,4.53
YJR127C,4.53
YBR204C,4.52
YIL173W,4.52
YOR193W,4.51
YKR045C,4.51
YOR142W-B,4.5
YLR105C,4.49
YHR096C,4.47
YDL217C,4.47
YML118W,4.47
YKR044W,4.47
YOR199W,4.47
YMR006C,4.47
YJL157C,4.46
YKR055W,4.46
YHR078W,4.45
YNR061C,4.44
YOL055C,4.44
YOL158C,4.44
YNL152W,4.43
YDR285W,4.43
YGR052W,4.43
YLR147C,4.43
YER047C,4.42
YDL045W-A,4.42
YER160C,4.41
YOR093C,4.41
YER144C,4.41
YGR046W,4.41
YIL037C,4.41
YDR369C,4.4
YPL176C,4.4
YDR269C,4.39
YDR489W,4.39
YJL083W,4.38
YNR037C,4.36
YHR017W,4.36
YJL222W,4.35
YEL061C,4.34
YKL161C,4.34
YJR149W,4.32
YGL116W,4.32
YDR132C,4.32
YEL029C,4.32
YOR025W,4.32
YER033C,4.31
YNL184C,4.3
YOL083W,4.3
YJR116W,4.29
YDR210C-D,4.29
YEL020C,4.29
YIL002W-A,4.29
YMR154C,4.29
YNL320W,4.28
YLL054C,4.26
YMR199W,4.25
YBR012W-B,4.24
YOR296W,4.24
YHR189W,4.23
YEL073C,4.23
YLR288C,4.23
YPL113C,4.21
YCL069W,4.21
YNL033W,4.21
YIL092W,4.17
YGL237C,4.16
YPL236C,4.16
YBR005W,4.15
YLL061W,4.13
YOR159C,4.13
YDR386W,4.13
YDR006C,4.11
YPR031W,4.09
YKL198C,4.08
YDR270W,4.08
YCR032W,4.08
YDR421W,4.07
YKL020C,4.07
YNR067C,4.06
YDR243C,4.06
YCR020C,4.05
YCR076C,4.04
YFR019W,4.04
YDR393W,4.02
YBR175W,4.02
YOR127W,4.02
YLR381W,4.01
YML099C,3.99
YLR156W,3.98
YPL179W,3.98
YAL055W,3.97
YBR108W,3.97
YGR004W,3.97
YLR207W,3.95
YDR478W,3.94
YMR069W,3.94
YDR443C,3.93
YLR039C,3.93
YHR202W,3.92
YJR040W,3.92
YMR056C,3.92
YOR073W,3.91
YLR306W,3.89
YIL151C,3.89
YPR120C,3.88
YOR223W,3.86
YPR198W,3.86
YBR285W,3.86
YKL038W,3.84
YMR210W,3.84
YDL238C,3.83
YNL008C,3.83
YIL046W,3.82
YJL118W,3.8
YBL005W-B,3.79
YLR135W,3.79
YLR371W,3.79
YLR132C,3.78
YNL172W,3.78
YBL031W,3.77
YOR249C,3.77
YGR108W,3.76
YKL072W,3.76
YER104W,3.75
YBL014C,3.75
YMR137C,3.75
YGR238C,3.75
YPL224C,3.75
YGL134W,3.74
YDR079C-A,3.74
YFR007W,3.74
YOR308C,3.73
YJR152W,3.73
YOR054C,3.73
YDR514C,3.73
YHR079C,3.73
YIR018W,3.7
YDR067C,3.67
YOR005C,3.67
YPR010C-A,3.66
YDR446W,3.66
YDL109C,3.66
YDR326C,3.65
YDR143C,3.65
YEL041W,3.65
YPR185W,3.64
YDR004W,3.63
YGR044C,3.63
YMR095C,3.63
YER054C,3.61
YMR028W,3.6
YKR096W,3.59
YLR049C,3.57
YPL248C,3.57
YDR359C,3.56
YCR067C,3.56
YPL150W,3.53
YMR111C,3.53
YGL184C,3.52
YDL114W,3.5
YER060W,3.5
YOL018C,3.49
YDL073W,3.48
YPR022C,3.48
YHR166C,3.48
YPR049C,3.48
YLR228C,3.45
YFR045W,3.43
YJL134W,3.42
YKL026C,3.41
YFR054C,3.41
YMR221C,3.4
YIR027C,3.38
YJL071W,3.38
YPL087W,3.37
YLR035C-A,3.36
YOR162C,3.36
YPR011C,3.36
YPL098C,3.36
YOL047C,3.35
YDR250C,3.35
YHR131C,3.35
YER037W,3.34
YHR016C,3.32
YBR020W,3.32
YDR338C,3.32
YJL095W,3.32
YPL242C,3.31
YOR214C,3.31
YHR071W,3.31
YDR179W-A,3.29
YIL087C,3.29
YOR191W,3.29
YOR390W,3.28
YOR047C,3.28
YIL019W,3.27
YDR409W,3.27
YPL209C,3.26
YKL176C,3.25
YNL122C,3.24
YOR208W,3.24
YHR080C,3.24
YKR041W,3.23
YPR085C,3.23
YMR252C,3.22
YCL051W,3.22
YDR540C,3.21
YPL174C,3.2
YHR090C,3.2
YPL171C,3.19
YMR176W,3.19
YER096W,3.19
YHR035W,3.19
YCL005W,3.18
YDR058C,3.18
YNL240C,3.17
YDR030C,3.16
YDR109C,3.15
YNR065C,3.15
YDL152W,3.15
YBR138C,3.15
YJL094C,3.15
YCL020W,3.15
YLR151C,3.14
YKR064W,3.14
YPR013C,3.13
YHR168W,3.13
YMR078C,3.12
YKL062W,3.12
YPL279C,3.1
YBR201W,3.1
YOL159C-A,3.1
YPL068C,3.1
YOL136C,3.09
YBR044C,3.09
YLR451W,3.08
YNR062C,3.08
YGL113W,3.08
YMR322C,3.07
YIL002C,3.07
YLR410W-A,3.07
YPL168W,3.07
YLR080W,3.06
YNR008W,3.06
YDR125C,3.05
YKL187C,3.05
YDR261W-A,3.05
YML095C,3.04
YBR107C,3.04
YDR034C-C,3.03
YKR013W,3.02
YBR182C,3.02
YHR186C,3.01
YBR220C,3.01
YNL164C,3.01
YOR192C-A,3.01
YOR391C,3
YMR294W,3
YPL272C,3
YLR149C,3
YMR234W,3
YFL060C,3
YBR255C-A,2.99
YBL100W-A,2.99
YIL112W,2.99
YGR161W-A,2.99
YNL333W,2.98
YMR019W,2.98
YLR247C,2.97
YDL028C,2.97
YNL126W,2.96
YDR210W-A,2.95
YMR262W,2.95
YLR136C,2.94
YGR223C,2.94
YLR024C,2.94
YKL102C,2.92
YPL280W,2.92
YOR343W-A,2.92
YER098W,2.91
YBR239C,2.91
YMR281W,2.91
YOR324C,2.91
YLR281C,2.9
YGR133W,2.9
YER137C,2.9
YEL059C-A,2.89
YGR149W,2.89
YEL076C-A,2.89
YBR194W,2.89
YHL008C,2.89
YOR023C,2.87
YNL194C,2.86
YGR239C,2.86
YDR265W,2.84
YIL172C,2.84
YOL152W,2.83
YJL126W,2.83
YCR102C,2.81
YDR255C,2.81
YDR464C-A,2.81
YMR198W,2.8
YFL059W,2.8
YDL091C,2.8
YGR053C,2.8
YNL193W,2.79
YDR464W,2.79
YIL169C,2.79
YOL015W,2.78
YBR235W,2.78
YDR024W,2.78
YHR050W,2.77
YBR062C,2.77
YOL043C,2.76
YJL047C,2.75
YLR352W,2.75
YOR172W,2.75
YDL231C,2.74
YPL147W,2.73
YEL033W,2.73
YAR060C,2.72
YJL103C,2.72
YJL175W,2.71
YDR492W,2.69
YKL174C,2.68
YMR185W,2.67
YOR368W,2.66
YLR119W,2.66
YNR025C,2.65
YML119W,2.64
YBR153W,2.62
YHR150W,2.61
YGR288W,2.61
YGL163C,2.61
YBL029W,2.59
YOR388C,2.59
YNL054W,2.59
YLR057W,2.58
YDR286C,2.57
YPR071W,2.57
YCL019W,2.56
YML002W,2.55
YEL070W,2.55
YLR410W-B,2.55
YDL045C,2.55
YNL195C,2.55
YBL063W,2.55
YGR219W,2.54
YGR224W,2.54
YMR251W,2.54
YOR028C,2.54
YER140W,2.54
YGL069C,2.53
YGL160W,2.53
YFL002W-A,2.53
YDL172C,2.52
YER180C-A,2.51
YPL008W,2.51
YLR236C,2.51
YER041W,2.5
YOR228C,2.5
YOR040W,2.5
YKL188C,2.5
YHR139C,2.49
YOR380W,2.49
YFL058W,2.48
YNL222W,2.48
YLR204W,2.48
YLR256W,2.47
YDR428C,2.47
YBR250W,2.47
YDR192C,2.47
YMR179W,2.46
YML084W,2.46
YOR192C,2.46
YLR242C,2.46
YDL179W,2.46
YBL091C-A,2.45
YPR021C,2.45
YKL087C,2.45
YAR008W,2.45
YHR171W,2.45
YAL056W,2.44
YNL042W,2.44
YPL157W,2.44
YGR059W,2.42
YNL176C,2.42
YBR276C,2.42
YDR130C,2.42
YPL194W,2.41
YOR071C,2.4
YGR029W,2.4
YDR253C,2.4
YHR173C,2.4
YPR164W,2.39
YHR075C,2.38
YDL160C-A,2.38
YBR280C,2.38
YKL171W,2.38
YGL260W,2.37
YBL005W,2.36
YLR087C,2.35
YGL258W-A,2.35
YCR048W,2.34
YLR233C,2.34
YMR127C,2.34
YBL106C,2.34
YEL016C,2.33
YMR270C,2.33
YGL230C,2.33
YNL284C-B,2.33
YBR033W,2.32
YDL176W,2.32
YIL001W,2.32
YJL181W,2.31
YIR002C,2.31
YLR459W,2.31
YDL216C,2.31
YER028C,2.31
YAR023C,2.3
YFL046W,2.3
YOR144C,2.3
YBR266C,2.28
YGR127W,2.28
YDR426C,2.28
YIL017C,2.28
YFR027W,2.28
YDL054C,2.28
YML077W,2.27
YDR107C,2.27
YAL015C,2.27
YER167W,2.27
YGL144C,2.26
YPL182C,2.26
YHR091C,2.26
YKR087C,2.26
YLR097C,2.26
YBL066C,2.25
YCL056C,2.25
YDR402C,2.25
YMR114C,2.25
YDL206W,2.25
YLR141W,2.25
YLR091W,2.25
YDR351W,2.24
YOR137C,2.24
YLR205C,2.24
YGR098C,2.23
YBR098W,2.22
YJR071W,2.22
YGR015C,2.22
YLL057C,2.22
YPL071C,2.21
YDL020C,2.21
YLL060C,2.21
YGR170W,2.21
YIL113W,2.21
YER039C-A,2.2
YNL025C,2.19
YKL132C,2.19
YOL084W,2.18
YBL006C,2.18
YOR107W,2.18
YML058W-A,2.17
YLR154W-E,2.17
YCL067C,2.16
YIL134C-A,2.16
YFR036W,2.16
YCL026C-A,2.16
YLR099W-A,2.16
YDR415C,2.15
YBL096C,2.15
YHL016C,2.15
YDL180W,2.15
YOL128C,2.15
YBR019C,2.15
YCR061W,2.15
YKR015C,2.15
YPL158C,2.15
YBL100W-B,2.14
YOR363C,2.14
YER093C,2.14
YMR172W,2.14
YGR101W,2.14
YHR105W,2.14
YLR107W,2.13
YPR059C,2.13
YNL101W,2.13
YDL013W,2.13
YLR070C,2.13
YLR009W,2.12
YOR055W,2.12
YGR263C,2.12
YLL053C,2.12
YOL063C,2.11
YDR034C-D,2.11
YJL051W,2.11
YKL217W,2.11
YOR192C-B,2.11
YKR103W,2.11
YPL108W,2.11
YLR425W,2.11
YCR014C,2.1
YMR053C,2.1
YMR164C,2.1
YOR269W,2.09
YDR344C,2.09
YOR343W-B,2.09
YOR381W-A,2.09
YGR042W,2.09
YML041C,2.09
YER038C,2.08
YMR055C,2.08
YPL202C,2.08
YDL032W,2.07
YDL105W,2.07
YNL198C,2.07
YFL062W,2.07
YBR018C,2.07
YLR211C,2.06
YLL055W,2.06
YOR134W,2.06
YEL005C,2.06
YBL060W,2.05
YBR091C,2.05
YJR089W,2.05
YOR200W,2.05
YMR045C,2.05
YML003W,2.04
YNL279W,2.04
YGR236C,2.04
YDR350C,2.04
YDR468C,2.04
YJR115W,2.04
YJL059W,2.04
YMR036C,2.04
YLR224W,2.04
YDR151C,2.03
YOL036W,2.03
YBR184W,2.03
YHR134W,2.03
YOR092W,2.03
YDR383C,2.02
YGR154C,2.02
YOR194C,2.02
YDR160W,2.02
YPL214C,2.02
YOR309C,2.01
YOL099C,2.01
YHL042W,2.01
YMR280C,2.01
YPR014C,2.01
YMR194C-B,2
YBR302C,2
YDR451C,1.99
YOR066W,1.99
YNL018C,1.99
YGR227W,1.99
YHR048W,1.99
YJR061W,1.98
YJL194W,1.98
YDR319C,1.98
YGL198W,1.98
YLR263W,1.98
YHL036W,1.98
YMR190C,1.98
YBR008C,1.97
YEL008W,1.97
YIL141W,1.97
YER116C,1.97
YEL067C,1.97
YOL131W,1.97
YJR035W,1.96
YJL162C,1.96
YLR121C,1.96
YLR099C,1.96
YOR219C,1.95
YMR081C,1.95
YCL063W,1.95
YJL116C,1.95
YGL131C,1.95
YGR217W,1.95
YBR168W,1.94
YLR353W,1.94
YIR014W,1.94
YOR315W,1.94
YPL132W,1.94
YBR210W,1.94
YGR109W-A,1.93
YDR193W,1.93
YDL041W,1.93
YPR030W,1.93
YOR301W,1.93
YFL009W,1.93
YFL033C,1.93
YLR279W,1.93
YLL051C,1.93
YLR361C-A,1.92
YOR125C,1.92
YLR102C,1.92
YBR296C,1.92
YPR193C,1.92
YCR066W,1.92
YJL106W,1.92
YIL072W,1.91
YJL046W,1.91
YLL019C,1.91
YOL001W,1.91
YJR021C,1.89
YCR023C,1.89
YHR184W,1.89
YPR151C,1.89
YDL227C,1.89
YPR197C,1.89
YKL011C,1.88
YBR259W,1.88
YGL249W,1.88
YHR177W,1.88
YOL106W,1.88
YHL028W,1.87
YHL010C,1.87
YCL027W,1.87
YKL201C,1.87
YBR089W,1.87
YDR523C,1.87
YGL182C,1.87
YLR462W,1.86
YGL192W,1.86
YLR125W,1.86
YGR023W,1.86
YHR151C,1.86
YKL208W,1.86
YDL199C,1.85
YKL098W,1.85
YKL163W,1.84
YHR140W,1.84
YDR414C,1.84
YLR266C,1.84
YJL218W,1.84
YBR294W,1.84
YHR100C,1.83
YGL215W,1.83
YER109C,1.83
YKR047W,1.82
YNL211C,1.82
YMR034C,1.82
YER115C,1.82
YOL091W,1.82
YKR101W,1.81
YOR186W,1.81
YJR100C,1.81
YNL109W,1.81
YNL170W,1.81
YBL025W,1.81
YLR112W,1.81
YPL025C,1.8
YPR009W,1.8
YOR331C,1.8
YIL082W,1.8
YPR136C,1.8
YLR037C,1.8
YOL024W,1.8
YKR058W,1.8
YJL100W,1.8
YBR038W,1.79
YCR073C,1.79
YDL151C,1.79
YPR153W,1.79
YCR085W,1.79
YBR040W,1.79
YLR164W,1.79
YDR522C,1.79
YCL036W,1.78
YKL222C,1.78
YER179W,1.78
YNL235C,1.78
YGR109C,1.78
YNR069C,1.78
YPL172C,1.78
YLL020C,1.78
YBR147W,1.78
YNR057C,1.78
YGR176W,1.78
YPR201W,1.77
YOR049C,1.77
YNL324W,1.77
YBR099C,1.77
YGR199W,1.76
YLL025W,1.76
YCL021W-A,1.76
YCL058C,1.76
YNR042W,1.76
YGL243W,1.76
YLR128W,1.76
YPR093C,1.76
YKL097C,1.75
YFL003C,1.75
YMR087W,1.75
YDR544C,1.75
YDL094C,1.75
YOR292C,1.75
YGL239C,1.74
YDL247W-A,1.74
YBR144C,1.74
YDL242W,1.74
YOL101C,1.74
YBL081W,1.74
YLR014C,1.74
YPR117W,1.73
YGR006W,1.73
YMR150C,1.73
YDR420W,1.73
YBL012C,1.73
YHL022C,1.73
YBR148W,1.73
YDR209C,1.73
YDL062W,1.73
YMR147W,1.72
YGL263W,1.72
YLR466W,1.72
YGR070W,1.72
YFL066C,1.72
YML122C,1.72
YCR022C,1.72
YJR128W,1.72
YPR126C,1.72
YGL142C,1.71
YKL219W,1.71
YKL165C-A,1.71
YDL096C,1.71
YGL183C,1.71
YHR210C,1.71
YGL136C,1.71
YHR014W,1.7
YGR213C,1.7
YML083C,1.7
YKL093W,1.7
YEL004W,1.7
YGR114C,1.7
YBL113C,1.7
YMR191W,1.69
YDR095C,1.69
YDR401W,1.69
YIL025C,1.69
YDR042C,1.69
YDL185C-A,1.69
YKL109W,1.69
YGR221C,1.68
YNL305C,1.68
YKL202W,1.68
YBR051W,1.68
YFL065C,1.68
YOR343C,1.68
YLR092W,1.68
YOL114C,1.68
YLR416C,1.68
YPL189W,1.68
YIL049W,1.68
YLR379W,1.68
YGL104C,1.68
YHR213W,1.67
YKL076C,1.67
YLR415C,1.67
YCR087W,1.67
YNL120C,1.67
YLR010C,1.67
YPL282C,1.67
YNR071C,1.67
YMR306C-A,1.67
YOR030W,1.67
YDR242W,1.67
YPL041C,1.67
YPL268W,1.67
YLR346C,1.67
YEL069C,1.67
YGL072C,1.67
YGL118C,1.67
YHL040C,1.66
YDR317W,1.66
YBR270C,1.66
YDR271C,1.66
YLR307W,1.66
YFL064C,1.66
YOR082C,1.66
YMR040W,1.66
YGR190C,1.66
YGR160W,1.65
YHR185C,1.65
YDL218W,1.65
YDR371C-A,1.65
YBR113W,1.65
YGR242W,1.65
YDL093W,1.65
YKL053W,1.65
YJR039W,1.65
YOR166C,1.65
YOR177C,1.65
YHR191C,1.65
YBR213W,1.65
YNR073C,1.65
YPR092W,1.65
YDR010C,1.65
YBR050C,1.64
YDL244W,1.64
YJL160C,1.64
YER188W,1.64
YPR084W,1.64
YOR135C,1.64
YFL013W-A,1.64
YFR057W,1.64
YLR445W,1.63
YNL276C,1.63
YPR076W,1.63
YGL158W,1.63
YDR545W,1.63
YHL049C,1.63
YDL239C,1.63
YMR088C,1.63
YGL088W,1.63
YDR260C,1.63
YHR139C-A,1.63
YBR027C,1.63
YGR018C,1.63
YPL264C,1.63
YDL057W,1.63
YLR184W,1.63
YDR332W,1.63
YNL187W,1.62
YHL006C,1.62
YOR067C,1.62
YJL093C,1.62
YMR156C,1.62
YJR102C,1.62
YAL064C-A,1.62
YPR078C,1.62
YMR122C,1.62
YMR265C,1.62
YMR141C,1.62
YGR016W,1.62
YPR064W,1.62
YPL077C,1.62
YLR019W,1.62
YOL150C,1.62
YLR341W,1.62
YGR096W,1.62
YOL118C,1.62
YLR081W,1.62
YPL156C,1.61
YGL089C,1.61
Q0085,1.61
YJR120W,1.61
YLR202C,1.61
YJL015C,1.61
YCR064C,1.61
YPR109W,1.61
YLR054C,1.61
YKR034W,1.61
YPR016W-A,1.61
YIL163C,1.61
YCR100C,1.6
YDL163W,1.6
YHR079C-A,1.6
YPR050C,1.6
YJL170C,1.6
YJL027C,1.6
YNL314W,1.6
YLR171W,1.6
YJL072C,1.6
YHL044W,1.6
YIL060W,1.6
YBR063C,1.6
YML089C,1.6
YLL046C,1.6
YNL057W,1.6
YBL073W,1.59
YJR108W,1.59
YER135C,1.59
YBL009W,1.59
YPL230W,1.59
YPL052W,1.59
YOR300W,1.59
YMR325W,1.59
YMR013W-A,1.59
YJR155W,1.59
YPL054W,1.59
YGR153W,1.59
YOR019W,1.59
YGL149W,1.59
YEL072W,1.59
YJL216C,1.59
YKL036C,1.59
YCR098C,1.59
YOL122C,1.59
YPR087W,1.59
YIR025W,1.59
YER184C,1.59
YAL034C,1.58
YCR106W,1.58
YMR173W-A,1.58
YGR050C,1.58
YMR254C,1.58
YKL107W,1.58
YLR149C-A,1.58
YJL163C,1.58
YMR063W,1.57
YDL186W,1.57
YAL014C,1.57
YLR013W,1.57
YDR249C,1.57
YGL165C,1.57
YLR411W,1.57
YLL059C,1.57
YPL159C,1.57
YLR280C,1.57
YOR378W,1.57
YJR159W,1.57
YOL029C,1.57
YDL200C,1.57
YKR091W,1.56
YKL115C,1.56
YLR047C,1.56
YNL332W,1.56
YDR360W,1.56
YHR180W,1.56
YDL118W,1.56
YLL063C,1.56
YDL214C,1.56
YHL005C,1.56
YDL138W,1.56
YNL228W,1.56
YOR333C,1.56
YBR300C,1.56
YKL034W,1.56
YGR107W,1.55
YAL020C,1.55
YPL027W,1.55
YDL247W,1.55
YJL007C,1.55
YOR394W,1.55
YJL077C,1.55
YGL262W,1.55
YMR245W,1.55
YJR114W,1.55
YJL129C,1.55
YGL074C,1.55
YHR093W,1.55
YDR008C,1.55
YJL199C,1.55
YGL251C,1.55
YGL096W,1.55
YIL139C,1.55
YFL052W,1.55
YLR062C,1.55
YNR068C,1.55
YIL009C-A,1.54
YCL022C,1.54
YGL051W,1.54
YNL179C,1.54
YER085C,1.54
YBL071C,1.54
YOR121C,1.54
YFL002W-B,1.54
YKL090W,1.54
YPR123C,1.54
YGL114W,1.54
YDR366C,1.54
YDR187C,1.54
YBR064W,1.54
YMR025W,1.54
YMR244W,1.54
YJR094C,1.54
YJL127W-A,1.54
YOR024W,1.54
YIL171W-A,1.54
YBR134W,1.54
YIL089W,1.54
YPL185W,1.54
YDR085C,1.54
YJR107W,1.54
YDR306C,1.53
YOR114W,1.53
YMR017W,1.53
YHR021W-A,1.53
YLR402W,1.53
YLR428C,1.53
YPR150W,1.53
YDR149C,1.53
YMR294W-A,1.53
YDR136C,1.53
YGR131W,1.53
YCR019W,1.53
YNL339C,1.53
YMR085W,1.53
YBR240C,1.53
YIL134W,1.53
YFL056C,1.53
YFL057C,1.53
YBR076W,1.53
YJL105W,1.53
YFR020W,1.52
YOR178C,1.52
YGR144W,1.52
YBR224W,1.52
YGL258W,1.52
YCR049C,1.52
YML100W-A,1.52
YDL210W,1.52
YLR122C,1.52
YIL028W,1.52
YJR038C,1.52
YLR331C,1.52
YPL073C,1.52
YIL120W,1.52
YOR268C,1.52
YLR334C,1.52
YBR277C,1.52
YEL077C,1.52
YCR097W,1.52
YPR005C,1.52
YNL013C,1.52
YLL066C,1.52
YGL168W,1.52
YDR340W,1.52
YDL246C,1.52
YGL218W,1.52
YML090W,1.52
YPL244C,1.52
YJL182C,1.52
YCL065W,1.52
YER180C,1.52
YDR114C,1.52
YDL034W,1.51
YOR041C,1.51
YLR444C,1.51
YBL049W,1.51
YHL050C,1.51
YEL028W,1.51
YGR066C,1.51
YOR392W,1.51
YOR072W,1.51
YLR322W,1.51
YFL020C,1.51
YFL055W,1.51
YGL081W,1.51
YMR194C-A,1.51
YOR149C,1.51
YPL003W,1.51
YCR045C,1.51
YPR146C,1.5
YGR290W,1.5
YBR297W,1.5
YAL064W-B,1.5
YOR003W,1.5
YOR306C,1.5
YNL196C,1.5
YPR199C,1.5
YIR042C,1.5
YDR537C,1.5
YIR028W,1.5
YAL066W,1.5
YFL061W,1.5
YOR351C,1.5
YOR396W,1.5
YER106W,1.5
YJL119C,1.5
YGR265W,1.5
YFL053W,1.5
YNL114C,1.5
YKL070W,1.49
YGL138C,1.49
YLR269C,1.49
YLR230W,1.49
YKL177W,1.49
YHR157W,1.49
YDR374C,1.49
YOR053W,1.49
YIR016W,1.49
YGL041C,1.49
YER076C,1.49
YDR535C,1.49
YDL068W,1.49
YBL062W,1.49
YGL034C,1.49
YOR183W,1.49
YKR030W,1.49
YEL045C,1.49
YJL223C,1.49
YCR006C,1.49
YOR170W,1.49
YJR018W,1.48
YPL164C,1.48
YJL206C,1.48
YHL043W,1.48
YGR069W,1.48
YMR279C,1.48
YDR274C,1.48
YDL037C,1.48
YBR228W,1.48
YOR013W,1.48
YFR012W,1.48
YJL213W,1.48
YOR032C,1.48
YOL035C,1.48
YFR022W,1.48
YNL226W,1.48
YNR064C,1.48
YHL041W,1.48
YLR165C,1.48
YOL160W,1.48
YPL102C,1.48
YHR022C,1.47
YMR119W-A,1.47
YGL235W,1.47
YGR079W,1.47
YFL012W,1.47
YLL047W,1.47
YNL335W,1.47
YDR315C,1.47
YBR226C,1.47
YLL067C,1.47
YLR312C,1.47
YLR261C,1.47
YJL089W,1.47
YEL076C,1.47
YBR190W,1.47
YBL083C,1.47
YAL067C,1.47
YDL228C,1.47
YCR007C,1.47
YER046W,1.47
YDR445C,1.47
YNR060W,1.47
YIL164C,1.47
YGR249W,1.47
YDL169C,1.47
YOR031W,1.47
YLR255C,1.47
YCR040W,1.47
YPR202W,1.47
YIL177C,1.47
YER087C-A,1.46
YGL007W,1.46
YAR020C,1.46
YKL044W,1.46
YLR311C,1.46
YKL066W,1.46
YDR526C,1.46
YOL165C,1.46
YAL004W,1.46
YLR446W,1.46
YOR263C,1.46
YMR324C,1.46
YFL032W,1.46
YCR075C,1.46
YIR041W,1.46
YPL114W,1.46
YIL073C,1.46
YHL037C,1.46
YGL214W,1.46
YHL045W,1.46
YKL131W,1.46
YLR169W,1.46
YER066W,1.46
YFL067W,1.46
YMR290W-A,1.46
YJR036C,1.46
YGR230W,1.46
YEL057C,1.46
YNR059W,1.46
YIL152W,1.46
YGR022C,1.46
YLR467W,1.46
YFR043C,1.46
YOL159C,1.46
YJL156W-A,1.46
YDR053W,1.45
YKL147C,1.45
YER097W,1.45
YPR026W,1.45
YDR230W,1.45
YCL002C,1.45
YJR106W,1.45
YGL052W,1.45
YNL019C,1.45
YPR203W,1.45
YIR029W,1.45
YCL076W,1.45
YMR057C,1.45
YML050W,1.45
YDR018C,1.45
YKL162C-A,1.45
YPR169W-A,1.45
YLR155C,1.44
YLL042C,1.44
YML133C,1.44
YNR072W,1.44
YAL037W,1.44
YJR037W,1.44
YOR139C,1.44
YLR443W,1.44
YBR284W,1.44
YDR157W,1.44
YGL204C,1.44
YLR318W,1.44
YCL001W-A,1.44
YKL136W,1.44
YOR387C,1.44
YMR306W,1.44
YHR218W,1.44
YGR197C,1.44
YPR177C,1.44
YPL034W,1.44
YMR187C,1.44
YNL319W,1.44
YGL102C,1.43
YOL008W,1.43
YCR039C,1.43
YHR214C-D,1.43
YNL144C,1.43
YMR135W-A,1.43
YGR212W,1.43
YJL037W,1.43
YPR157W,1.43
YKR005C,1.43
YKL221W,1.43
YBL109W,1.43
YLR296W,1.43
YBR292C,1.43
YCR099C,1.43
YPR196W,1.43
YER119C-A,1.43
YDR241W,1.43
YCR102W-A,1.43
YPR204W,1.43
YLL044W,1.43
YLR434C,1.43
YGR067C,1.43
YJL193W,1.42
YNL089C,1.42
YFL015C,1.42
YLR317W,1.42
YOL050C,1.42
YAL040C,1.42
YNL331C,1.42
YLR046C,1.42
YBL053W,1.42
YOL163W,1.42
YDR355C,1.42
YJR162C,1.42
YEL035C,1.42
YOR225W,1.42
YPL136W,1.42
YKL153W,1.42
YLR041W,1.42
YOR012W,1.42
YMR155W,1.42
YHR015W,1.42
YKR053C,1.42
YCR025C,1.42
YBR217W,1.42
YDR104C,1.41
YNR002C,1.41
YGL152C,1.41
YOR318C,1.41
YDR387C,1.41
YPL257W,1.41
YNR076W,1.41
YLR004C,1.41
YLR308W,1.41
YKR012C,1.41
YPR158W,1.41
YMR031W-A,1.41
YDL194W,1.41
YBR165W,1.41
YLR458W,1.41
YGL170C,1.4
YDR467C,1.4
YOR079C,1.4
YIL012W,1.4
YKR098C,1.4
YJR020W,1.4
YDR501W,1.4
YDR433W,1.4
YBR178W,1.4
YDL024C,1.4
YCR101C,1.4
YLR241W,1.4
YMR172C-A,1.4
YNL034W,1.4
YAR068W,1.4
YHR217C,1.4
YAR070C,1.4
YPR053C,1.4
YPR130C,1.4
YLL030C,1.4
YGL015C,1.4
YLR273C,1.39
YDR154C,1.39
YBL094C,1.39
YER045C,1.39
YKL224C,1.39
YGL261C,1.39
YGR045C,1.39
YBR128C,1.39
YPL033C,1.39
YLR394W,1.39
YNR077C,1.39
YOR015W,1.39
YML087C,1.39
YNL294C,1.39
YPL092W,1.39
YDR113C,1.39
YER186C,1.39
YGL146C,1.39
YBR021W,1.39
YHR176W,1.38
YLR400W,1.38
YDR431W,1.38
YLR158C,1.38
YOR282W,1.38
YGR137W,1.38
YGR296W,1.38
YOR338W,1.38
YAR047C,1.38
YNL204C,1.38
YCR104W,1.38
YDR438W,1.38
YGR293C,1.38
YNR063W,1.38
YER181C,1.38
YMR153C-A,1.38
YGR226C,1.38
YHR214W-A,1.38
YLR246W,1.38
YHR095W,1.38
YKL125W,1.38
YGL033W,1.38
YDR106W,1.38
YPL201C,1.38
YLR349W,1.38
YOR036W,1.37
YMR180C,1.37
YDR015C,1.37
YER066C-A,1.37
YMR118C,1.37
YLR329W,1.37
YLL005C,1.37
YHR219W,1.37
YJL225C,1.37
YER190W,1.37
YOL162W,1.37
YGL188C,1.37
YNL337W,1.37
YDR215C,1.37
YCL073C,1.37
YKL220C,1.37
YER189W,1.37
YHR160C,1.37
YGL003C,1.37
YIL029C,1.37
YPR039W,1.37
YOR364W,1.37
YLR365W,1.36
YDR203W,1.36
YMR206W,1.36
YKR106W,1.36
YBR116C,1.36
YBL048W,1.36
YJL135W,1.36
YDL009C,1.36
YOR008C-A,1.36
YOR345C,1.36
YOR313C,1.36
YLR463C,1.36
YKL106C-A,1.36
YGR225W,1.36
YLR053C,1.35
YJL185C,1.35
YPL044C,1.35
YDR082W,1.35
YPR038W,1.35
YFR032C,1.35
YCL038C,1.35
YLL064C,1.35
YBR124W,1.35
YPL205C,1.35
YDL039C,1.35
YPR015C,1.35
YNL012W,1.35
YOR365C,1.35
YFL040W,1.35
YIL099W,1.35
YLL065W,1.35
YOR389W,1.35
YCL068C,1.35
YMR316C-B,1.35
YJL038C,1.35
YJL152W,1.35
YOL161C,1.35
YOR068C,1.34
YJL211C,1.34
YHL047C,1.34
YGR291C,1.34
YLR366W,1.34
YER044C-A,1.34
YPL283C,1.34
YER121W,1.34
YDR078C,1.34
YMR193C-A,1.34
YOL104C,1.34
YDR029W,1.33
YHR145C,1.33
YDL243C,1.33
YNL067W-A,1.33
YPR170C,1.33
YJL142C,1.33
YDR336W,1.33
YDL187C,1.33
YLR210W,1.33
YFL051C,1.33
YMR136W,1.33
YAL042C-A,1.33
YJL219W,1.33
YPR027C,1.33
YOR190W,1.33
YMR065W,1.33
YFL063W,1.33
YNL285W,1.33
YLR213C,1.33
YLR227C,1.33
YAL065C,1.32
YIL166C,1.32
YDR126W,1.32
YOR029W,1.32
YGR051C,1.32
YBR012C,1.32
YPL197C,1.32
YFL019C,1.32
YJL064W,1.32
YMR316C-A,1.32
YEL010W,1.31
YFR035C,1.31
YDR509W,1.31
YNL203C,1.31
YPL277C,1.31
YOL079W,1.31
YPL278C,1.31
YGR164W,1.31
YCR001W,1.31
YGR168C,1.31
YIL032C,1.31
YKL225W,1.31
YHR218W-A,1.31
YPL056C,1.31
YEL075C,1.31
YOL073C,1.3
YOR255W,1.3
YBR103C-A,1.3
YLR012C,1.3
YLR031W,1.3
YNL105W,1.3
YOL037C,1.3
YHR002W,1.3
YOR376W,1.3
YAR033W,1.3
YDR223W,1.3
YOR235W,1.3
YDR290W,1.3
YPL039W,1.3
YNL205C,1.3
YKR040C,1.3
YBR203W,1.29
YER091C-A,1.29
YNL210W,1.29
YDR094W,1.29
YNL174W,1.29
YEL074W,1.29
YBR219C,1.29
YCR050C,1.29
YBR298C,1.29
YNR001W-A,1.29
YNL296W,1.29
YKL037W,1.29
YBL108W,1.29
YHR125W,1.29
YNL028W,1.28
YJL052C-A,1.28
YGL193C,1.28
YOR366W,1.28
YOL085C,1.28
YDR543C,1.28
YLR232W,1.28
YMR151W,1.28
YKL030W,1.28
YJR157W,1.28
YCR096C,1.28
YGR035C,1.28
YKR035C,1.27
YLR217W,1.27
YHR153C,1.27
YDR525W,1.27
YMR018W,1.27
YDR102C,1.27
YGR025W,1.27
YBR174C,1.27
YIL100W,1.26
YJL120W,1.26
YML047C,1.26
YFL010W-A,1.26
YDR455C,1.26
YCR097W-A,1.26
YDR459C,1.26
YLR252W,1.26
YDR133C,1.26
YDR220C,1.26
YHR063W-A,1.26
YGL259W,1.25
YKR050W,1.25
YFR056C,1.25
YOR277C,1.25
YIL059C,1.25
YBR183W,1.25
YKR061W,1.25
YPL035C,1.25
YNL043C,1.25
YLR465C,1.25
YIR013C,1.25
YML066C,1.25
YOR008W-B,1.25
YDR273W,1.25
YPL251W,1.24
YHL046C,1.24
YDL162C,1.24
YGL042C,1.24
YBL108C-A,1.24
YDR491C,1.24
YPR002C-A,1.24
YHR130C,1.24
YOR325W,1.23
YNL145W,1.23
YPL165C,1.23
YOR381W,1.23
YKR105C,1.23
YCL023C,1.23
YDL023C,1.23
YJL067W,1.23
YIL013C,1.23
YAL018C,1.23
YPR074W-A,1.23
YBR301W,1.23
YER039C,1.22
YPR012W,1.22
YIR020C,1.22
YLR123C,1.22
YIL058W,1.22
YOL003C,1.22
YFR012W-A,1.22
YER119C,1.22
YMR082C,1.22
YGR294W,1.22
YNL017C,1.22
YDR112W,1.21
YDL154W,1.21
YMR304C-A,1.21
YLR302C,1.21
YMR086C-A,1.21
YIL006W,1.21
YBR209W,1.21
YJL028W,1.21
YBL044W,1.21
YLR124W,1.2
YPR082C,1.2
YMR052C-A,1.2
YLR461W,1.19
YBR136W,1.19
YBL065W,1.19
YLR173W,1.19
YFR029W,1.19
YPR194C,1.19
YBR186W,1.19
YJL215C,1.19
YGL121C,1.18
YAR053W,1.18
YBR232C,1.18
YPR192W,1.18
YCL001W-B,1.17
YAR029W,1.17
YIL086C,1.17
YBL089W,1.17
YLL066W-A,1.16
YDL240C-A,1.16
YKL003C,1.15
YLR368W,1.15
YKR032W,1.15
YJL150W,1.15
YGR039W,1.14
YIL176C,1.14
YGR064W,1.14
YDL159W-A,1.13
YDR403W,1.13
YNL338W,1.13
YDR199W,1.13
YGL217C,1.13
YHR092C,1.12
YEL049W,1.12
YAL069W,1.12
YPR096C,1.11
YDR048C,1.1
YAR030C,1.1
YPR099C,1.1
YIL102C,1.09
Q0060,1.09
YGR161W-B,1.08
YOL166C,1.07
YPR036W-A,1.07
YAL064W,1.06
YAL045C,1.05
YDR261W-B,1.04
YER058W,1.01
YBR126W-A,1
YNR075C-A,0.984
YNL024C-A,0.978
YJL133C-A,0.972
YLR154W-B,0.956
YDR314C,0.954
YBR131C-A,0.943
YFL031C-A,0.941
YDR278C,0.938
YLL004W,0.886
YML009W-B,0.866
YPL080C,0.86
YMR100W,0.845
YLL019W-A,0.843
YDR169C-A,0.835
YIL055C,0.818
YKL175W,0.815
YDL149W,0.783
YOL154W,0.778
YGR172C,0.773
YJL222W-A,0.762
YHR143W,0.759
YIR021W-A,0.759
YFR034C,0.758
YJL026C-A,0.749
YIL011W,0.735
YBR196C-B,0.733
YKR033C,0.724
YCR091W,0.709
YDL011C,0.695
YLL049W,0.666
YPL187W,0.666
YOR383C,0.663
YCL058W-A,0.643
YLR320W,0.634
YKL169C,0.611
YMR035W,0.601
YER026C,0.583
YER074W-A,0.581
YCR075W-A,0.569
YOR316C-A,0.567
YAL019W-A,0.557
YOR314W,0.553
YKL065W-A,0.543
YLR283W,0.531
YFL015W-A,0.526
YHL009W-B,0.52
YLR023C,0.516
YJL043W,0.515
YGR296C-A,0.508
YER190C-A,0.508
YNL339W-A,0.508
YML133W-A,0.508
YPL283W-A,0.508
YER060W-A,0.501
YPR166C,0.498
YMR103C,0.492
YMR272W-A,0.491
YJL205C,0.48
YOR102W,0.475
YPR044C,0.475
YMR242W-A,0.472
YER107W-A,0.47
YMR042W,0.469
YKR102W,0.469
YDR281C,0.465
YLR374C,0.464
YER032W,0.459
YIL082W-A,0.448
YOR180C,0.436
YLL052C,0.433
YJL156C,0.431
Q0065,0.428
YFL025C,0.419
YOL086W-A,0.412
YOR382W,0.409
YLR343W,0.408
YGR109W-B,0.407
YAL048C,0.406
YPL192C,0.405
YMR274C,0.404
YOR146W,0.395
YGL063C-A,0.392
YNR056C,0.39
YGR228W,0.383
YDR276C,0.377
YEL009C-A,0.375
YER152W-A,0.364
YDR461C-A,0.355
YHL015W-A,0.353
YPR160C-A,0.343
YGL179C,0.343
YER067C-A,0.343
YLR157W-D,0.341
YDR119W-A,0.34
YHR199C-A,0.338
YLR338W,0.33
YHL034W-A,0.329
YAR018C,0.328
YIL029W-A,0.319
YDR542W,0.318
YER038W-A,0.309
YFL041W-A,0.307
YCL004W,0.302
YFL021C-A,0.3
YNL097W-A,0.299
YCR047W-A,0.297
YNL138W-A,0.293
YOR161W-B,0.292
YMR013C,0.289
YBL068W-A,0.285
YJR153W,0.282
YBR200W-A,0.274
YDR541C,0.267
YLR154W-A,0.266
YPR007C,0.266
YJR004C,0.259
YDR466W,0.258
YIL142C-A,0.258
YKL100W-A,0.254
YLR076C,0.251
YHL006W-A,0.25
YDR194W-A,0.244
YKL156C-A,0.239
YDR131C,0.236
YPR108W-A,0.236
YML099W-A,0.234
YDL071C,0.23
YKL068W-A,0.229
YJL108C,0.225
YCR013C,0.225
YGL123C-A,0.224
YMR133W,0.224
YDR354C-A,0.221
YOR186C-A,0.219
YER088C-A,0.219
YOL038C-A,0.218
YHR165W-A,0.216
YCR045W-A,0.214
YMR075C-A,0.214
YLR154C-G,0.211
YER088W-B,0.21
YLR339C,0.209
YDL026W,0.208
YGR273C,0.208
YBR230W-A,0.206
YCL005W-A,0.205
YIL068W-A,0.203
YDR327W,0.203
YHR124W,0.203
YLR162W-A,0.201
Q0115,0.201
YCL048W,0.2
YNL130C-A,0.199
YML101C-A,0.197
YBL020W,0.193
YHR213W-A,0.191
YOR161W-A,0.186
YNR058W,0.184
YLR161W,0.184
YLR159W,0.184
YOR329W-A,0.183
YBR121C-A,0.183
YHR211W,0.183
YOL014W,0.182
YNL188W,0.181
YMR158W-B,0.18
YLR238W,0.179
YJR005C-A,0.178
YBR196C-A,0.178
YAL059C-A,0.177
YDR263C,0.176
YDR182W-A,0.174
YLR364C-A,0.172
YJL127C-B,0.171
YER147C-A,0.171
YLL035W,0.17
YLR399W-A,0.169
YOR009W,0.169
YOL156W,0.168
YPR077C,0.168
YOR010C,0.168
YDR246W-A,0.167
YBR004C,0.166
YBR243C,0.165
YOR379C,0.165
YIL066W-A,0.16
YML034C-A,0.157
YDL016C,0.153
YBL077W,0.152
YDR118W-A,0.148
YLR294C,0.148
YLR007W,0.147
YIL115W-A,0.143
YER046W-A,0.142
YGR011W,0.141
YJR160C,0.14
YDL049C,0.14
YIR020W-A,0.139
YFL054C,0.137
YPL250W-A,0.133
YER165C-A,0.131
YHR214W,0.129
YAR066W,0.129
YNL097C-B,0.129
YBR221W-A,0.128
YFR009W-A,0.127
YNL270C,0.125
YGL194C-A,0.125
YEL018C-A,0.123
YDR524C-B,0.122
YJL032W,0.118
YCL042W,0.118
YIL047C-A,0.117
YNL269W,0.117
YNL318C,0.115
YEL059W,0.115
YOL164W,0.112
YDR406W-A,0.108
YLR342W-A,0.108
YOR298W,0.107
YJR150C,0.106
YML116W-A,0.106
YOR073W-A,0.106
YKL023C-A,0.105
YAL037C-A,0.104
YAL056C-A,0.102
YFR052C-A,0.102
YGR121W-A,0.101
YAL063C,0.1
YBR045C,0.099
YFR042W,0.099
YHR071C-A,0.099
YHR182C-A,0.095
YEL023C,0.093
YBL043W,0.091
YIL020C-A,0.089
YER130C,0.089
YHL002C-A,0.088
YPL038W-A,0.088
YNL146C-A,0.087
YLR030W,0.087
YPR195C,0.087
YHR054C,0.086
YHL048C-A,0.085
YHL009W-A,0.084
YGL132W,0.083
YAL063C-A,0.081
YOR169C,0.078
YBL039W-B,0.078
YMR307C-A,0.077
YKL118W,0.077
YBR141W-A,0.077
YHR070C-A,0.076
YGR073C,0.075
YIL156W-A,0.074
YLR157C,0.072
YMR094W,0.072
YMR230W-A,0.071
YOR192C-C,0.07
YJR124C,0.065
YFL012W-A,0.065
YPL238C,0.065
YEL075W-A,0.064
YKL096C-B,0.063
YHR032W,0.062
YCR024C-B,0.062
YHL030W-A,0.06
YMR030W-A,0.06
YAL067W-A,0.06
YDR536W,0.06
YGL024W,0.059
YJL202C,0.059
YER172C-A,0.058
YLR154C-H,0.057
YLR157C-C,0.057
YLR159C-A,0.057
YLR156C-A,0.057
YHL019W-A,0.056
YMR175W-A,0.056
YEL030C-A,0.055
YLR146W-A,0.054
YBL100C,0.054
YIR030W-A,0.054
YCL066W,0.052
YAL047W-A,0.052
YKL178C,0.051
YBR109W-A,0.051
YDR442W,0.05
YLR464W,0.05
YDR374W-A,0.05
YGR110W,0.047
YJL221C,0.045
YJL114W,0.044
YBL112C,0.042
YLR140W,0.042
YAR019W-A,0.041
YDL158C,0.038
YDR534C,0.038
YLR154W-C,0.035
YNL038W,0.034
YIR019C,0.032
YFR010W-A,0.031
YOR203W,0.031
YNL150W,0.03
YGL063W,0.028
YPL189C-A,0.027
YHR137C-A,0.025
Q0105,0.024
YLR157W-E,0.024
YHR056W-A,0.024
YNL171C,0.024
YJL220W,0.024
YBR056W-A,0.024
YKL223W,0.023
YIR040C,0.023
YPR200C,0.023
YLR111W,0.023
YNR003W-A,0.022
YPL200W,0.021
YDL245C,0.021
YGR031C-A,0.021
YJR158W,0.021
YIR020C-B,0.02
YCL046W,0.02
YEL064C,0.019
YGL176C,0.018
YOL026C,0.018
YLR152C,0.017
YPR121W,0.016
Q0130,0.016
YAL068C,0.014
YOL132W,0.013
YIR039C,0.013
YLR040C,0.013
YOR293C-A,0.013
Q0055,0.01
Q0120,0.009
YJL022W,0.009
YKL083W,0.008
YNL237W,0.008
Q0050,0.007
YIL177W-A,0.007
YKL111C,0.007
YJL225W-A,0.007
YLR467C-A,0.006
YCR089W,0.006
Q0110,0.006
YER190C-B,0.006
YPL283W-B,0.006
YOR396C-A,0.006
YNL277W-A,0.006
YDR545C-A,0.006
YKR051W,0.006
YGR296C-B,0.006
YLR466C-A,0.006
YEL077W-A,0.006
YPR204C-A,0.006
YLR307C-A,0.005
YJL113W,0.004
YHR028W-A,0.004
YGL109W,0.002
Q0070,0.001
YPR142C,0
YGR115C,0