,Unnamed: 0,pair_id,tm_score,identity_us_align,pro1,pro2,group
3141831,3141831,AF-P53183-F1-model_v3.pdb@@AF-P53111-F1-model_v3.pdb.txt,0.98986,0.763,P53183,P53111,pro_with_unknown_function
2425912,2425912,AF-Q03049-F1-model_v3.pdb@@AF-Q12068-F1-model_v3.pdb.txt,0.9772,0.591,Q03049,Q12068,pro_with_unknown_function
2255719,2255719,AF-Q03049-F1-model_v3.pdb@@AF-P53111-F1-model_v3.pdb.txt,0.975335,0.538,Q03049,P53111,pro_with_unknown_function
3184366,3184366,AF-P53183-F1-model_v3.pdb@@AF-Q12068-F1-model_v3.pdb.txt,0.968215,0.561,P53183,Q12068,pro_with_unknown_function
1863366,1863366,AF-P40579-F1-model_v3.pdb@@AF-P40580-F1-model_v3.pdb.txt,0.95966,0.528,P40579,P40580,pro_with_unknown_function
2705143,2705143,AF-P38690-F1-model_v3.pdb@@AF-P32264-F1-model_v3.pdb.txt,0.95512,0.679,P38690,P32264,pro_with_unknown_function
855083,855083,AF-Q05948-F1-model_v3.pdb@@AF-Q04925-F1-model_v3.pdb.txt,0.897085,0.522,Q05948,Q04925,pro_with_unknown_function
1494861,1494861,AF-Q3E7B4-F1-model_v3.pdb@@AF-Q2V2P1-F1-model_v3.pdb.txt,0.89653,0.033,Q3E7B4,Q2V2P1,pro_with_unknown_function
2858622,2858622,AF-Q03263-F1-model_v3.pdb@@AF-P13090-F1-model_v3.pdb.txt,0.89412,0.622,Q03263,P13090,pro_with_unknown_function
3767215,3767215,AF-Q04516-F1-model_v3.pdb@@AF-Q12746-F1-model_v3.pdb.txt,0.89145,0.498,Q04516,Q12746,pro_with_unknown_function
500872,500872,AF-Q04835-F1-model_v3.pdb@@AF-Q08980-F1-model_v3.pdb.txt,0.888735,0.652,Q04835,Q08980,pro_with_unknown_function
3775234,3775234,AF-P0C5N1-F1-model_v3.pdb@@AF-Q2V2P1-F1-model_v3.pdb.txt,0.8871100000000001,0.038,P0C5N1,Q2V2P1,pro_with_unknown_function
911916,911916,AF-Q03263-F1-model_v3.pdb@@AF-Q08902-F1-model_v3.pdb.txt,0.88456,0.379,Q03263,Q08902,pro_with_unknown_function
856068,856068,AF-Q12244-F1-model_v3.pdb@@AF-P25611-F1-model_v3.pdb.txt,0.883835,0.29,Q12244,P25611,pro_with_unknown_function
1019585,1019585,AF-P38716-F1-model_v3.pdb@@AF-P31373-F1-model_v3.pdb.txt,0.881005,0.288,P38716,P31373,pro_with_unknown_function
3235939,3235939,AF-P34231-F1-model_v3.pdb@@AF-Q06689-F1-model_v3.pdb.txt,0.87666,0.472,P34231,Q06689,pro_with_unknown_function
1659895,1659895,AF-P47137-F1-model_v3.pdb@@AF-P14065-F1-model_v3.pdb.txt,0.86279,0.362,P47137,P14065,pro_with_unknown_function
3182284,3182284,AF-P47137-F1-model_v3.pdb@@AF-Q12458-F1-model_v3.pdb.txt,0.862215,0.343,P47137,Q12458,pro_with_unknown_function
1054262,1054262,AF-Q3E762-F1-model_v3.pdb@@AF-Q2V2P1-F1-model_v3.pdb.txt,0.86206,0.065,Q3E762,Q2V2P1,pro_with_unknown_function
314282,314282,AF-P47137-F1-model_v3.pdb@@AF-P38715-F1-model_v3.pdb.txt,0.85745,0.359,P47137,P38715,pro_with_unknown_function
1631266,1631266,AF-P0C5P6-F1-model_v3.pdb@@AF-P40975-F1-model_v3.pdb.txt,0.85655,0.135,P0C5P6,P40975,pro_with_unknown_function
3247708,3247708,AF-Q06252-F1-model_v3.pdb@@AF-P14306-F1-model_v3.pdb.txt,0.852015,0.409,Q06252,P14306,pro_with_unknown_function
2540344,2540344,AF-Q3E7Z5-F1-model_v3.pdb@@AF-Q2V2P1-F1-model_v3.pdb.txt,0.85162,0.032,Q3E7Z5,Q2V2P1,pro_with_unknown_function
2341889,2341889,AF-P0C5S1-F1-model_v3.pdb@@AF-P0CX86-F1-model_v3.pdb.txt,0.84863,0.12,P0C5S1,P0CX86,pro_with_unknown_function
3332818,3332818,AF-Q12185-F1-model_v3.pdb@@AF-P38226-F1-model_v3.pdb.txt,0.8459,0.415,Q12185,P38226,pro_with_unknown_function
3442414,3442414,AF-P0C5S1-F1-model_v3.pdb@@AF-P0CX87-F1-model_v3.pdb.txt,0.84575,0.12,P0C5S1,P0CX87,pro_with_unknown_function
2150654,2150654,AF-P0C5P6-F1-model_v3.pdb@@AF-Q99380-F1-model_v3.pdb.txt,0.839385,0.088,P0C5P6,Q99380,pro_with_unknown_function
282445,282445,AF-Q12496-F1-model_v3.pdb@@AF-P32898-F1-model_v3.pdb.txt,0.83908,0.158,Q12496,P32898,pro_with_unknown_function
256295,256295,AF-Q08234-F1-model_v3.pdb@@AF-P53756-F1-model_v3.pdb.txt,0.83891,0.211,Q08234,P53756,pro_with_unknown_function
909476,909476,AF-P38716-F1-model_v3.pdb@@AF-P06106-F1-model_v3.pdb.txt,0.838835,0.266,P38716,P06106,pro_with_unknown_function
2867608,2867608,AF-Q3E750-F1-model_v3.pdb@@AF-P39103-F1-model_v3.pdb.txt,0.83852,0.1,Q3E750,P39103,pro_with_unknown_function
1859084,1859084,AF-Q08234-F1-model_v3.pdb@@AF-Q08409-F1-model_v3.pdb.txt,0.8366199999999999,0.198,Q08234,Q08409,pro_with_unknown_function
1549780,1549780,AF-Q03900-F1-model_v3.pdb@@AF-Q12259-F1-model_v3.pdb.txt,0.83473,0.446,Q03900,Q12259,pro_with_unknown_function
3489452,3489452,AF-Q08844-F1-model_v3.pdb@@AF-P39719-F1-model_v3.pdb.txt,0.83419,0.459,Q08844,P39719,pro_with_unknown_function
3283372,3283372,AF-Q3E750-F1-model_v3.pdb@@AF-Q2V2P1-F1-model_v3.pdb.txt,0.83343,0.05,Q3E750,Q2V2P1,pro_with_unknown_function
3599907,3599907,AF-P0C5L4-F1-model_v3.pdb@@AF-Q2V2P1-F1-model_v3.pdb.txt,0.8325,0.115,P0C5L4,Q2V2P1,pro_with_unknown_function
3413376,3413376,AF-P38745-F1-model_v3.pdb@@AF-P32857-F1-model_v3.pdb.txt,0.831275,0.535,P38745,P32857,pro_with_unknown_function
1060170,1060170,AF-P0C5P6-F1-model_v3.pdb@@AF-P32903-F1-model_v3.pdb.txt,0.8293250000000001,0.108,P0C5P6,P32903,pro_with_unknown_function
463151,463151,AF-Q08234-F1-model_v3.pdb@@AF-P40550-F1-model_v3.pdb.txt,0.82828,0.192,Q08234,P40550,pro_with_unknown_function
1571803,1571803,AF-Q45U18-F1-model_v3.pdb@@AF-P39103-F1-model_v3.pdb.txt,0.82763,0.109,Q45U18,P39103,pro_with_unknown_function
3417143,3417143,AF-P47137-F1-model_v3.pdb@@AF-Q07551-F1-model_v3.pdb.txt,0.8253699999999999,0.266,P47137,Q07551,pro_with_unknown_function
883784,883784,AF-P36086-F1-model_v3.pdb@@AF-P40580-F1-model_v3.pdb.txt,0.8251,0.226,P36086,P40580,pro_with_unknown_function
2398394,2398394,AF-Q08234-F1-model_v3.pdb@@AF-P33302-F1-model_v3.pdb.txt,0.824525,0.211,Q08234,P33302,pro_with_unknown_function
2446440,2446440,AF-Q3E762-F1-model_v3.pdb@@AF-P69851-F1-model_v3.pdb.txt,0.823325,0.063,Q3E762,P69851,pro_with_unknown_function
1225444,1225444,AF-P47137-F1-model_v3.pdb@@AF-P38115-F1-model_v3.pdb.txt,0.822785,0.278,P47137,P38115,pro_with_unknown_function
3568627,3568627,AF-Q3E778-F1-model_v3.pdb@@AF-Q99380-F1-model_v3.pdb.txt,0.82264,0.091,Q3E778,Q99380,pro_with_unknown_function
2839968,2839968,AF-Q8TGS5-F1-model_v3.pdb@@AF-P40975-F1-model_v3.pdb.txt,0.8222499999999999,0.086,Q8TGS5,P40975,pro_with_unknown_function
1984143,1984143,AF-Q08234-F1-model_v3.pdb@@AF-Q02785-F1-model_v3.pdb.txt,0.822145,0.198,Q08234,Q02785,pro_with_unknown_function
784308,784308,AF-Q3E762-F1-model_v3.pdb@@AF-P69852-F1-model_v3.pdb.txt,0.8218,0.031,Q3E762,P69852,pro_with_unknown_function
1374502,1374502,AF-Q08909-F1-model_v3.pdb@@AF-P54005-F1-model_v3.pdb.txt,0.82148,0.331,Q08909,P54005,pro_with_unknown_function
3368131,3368131,AF-P47090-F1-model_v3.pdb@@AF-P46950-F1-model_v3.pdb.txt,0.82132,0.487,P47090,P46950,pro_with_unknown_function
2347589,2347589,AF-Q08234-F1-model_v3.pdb@@AF-P32568-F1-model_v3.pdb.txt,0.82124,0.21,Q08234,P32568,pro_with_unknown_function
1569057,1569057,AF-Q3E767-F1-model_v3.pdb@@AF-P32903-F1-model_v3.pdb.txt,0.820105,0.0,Q3E767,P32903,pro_with_unknown_function
706877,706877,AF-P0C5N0-F1-model_v3.pdb@@AF-Q2V2P1-F1-model_v3.pdb.txt,0.81861,0.18,P0C5N0,Q2V2P1,pro_with_unknown_function
1095545,1095545,AF-P40445-F1-model_v3.pdb@@AF-Q12235-F1-model_v3.pdb.txt,0.8179749999999999,0.163,P40445,Q12235,pro_with_unknown_function
2882287,2882287,AF-Q08234-F1-model_v3.pdb@@AF-Q04182-F1-model_v3.pdb.txt,0.817555,0.212,Q08234,Q04182,pro_with_unknown_function
851823,851823,AF-Q3E7A6-F1-model_v3.pdb@@AF-P32903-F1-model_v3.pdb.txt,0.81699,0.056,Q3E7A6,P32903,pro_with_unknown_function
727626,727626,AF-Q3E778-F1-model_v3.pdb@@AF-P40975-F1-model_v3.pdb.txt,0.816565,0.176,Q3E778,P40975,pro_with_unknown_function
2737036,2737036,AF-Q8TGU8-F1-model_v3.pdb@@AF-P32903-F1-model_v3.pdb.txt,0.815585,0.125,Q8TGU8,P32903,pro_with_unknown_function
2903301,2903301,AF-Q3E7B4-F1-model_v3.pdb@@AF-P39103-F1-model_v3.pdb.txt,0.81526,0.098,Q3E7B4,P39103,pro_with_unknown_function
633344,633344,AF-Q9ZZW4-F1-model_v3.pdb@@AF-Q2V2P1-F1-model_v3.pdb.txt,0.814405,0.036,Q9ZZW4,Q2V2P1,pro_with_unknown_function
3525899,3525899,AF-Q8TGS5-F1-model_v3.pdb@@AF-Q3E808-F1-model_v3.pdb.txt,0.813635,0.143,Q8TGS5,Q3E808,pro_with_unknown_function
2024507,2024507,AF-P0C5P3-F1-model_v3.pdb@@AF-Q99380-F1-model_v3.pdb.txt,0.81308,0.034,P0C5P3,Q99380,pro_with_unknown_function
1503524,1503524,AF-Q08234-F1-model_v3.pdb@@AF-P51533-F1-model_v3.pdb.txt,0.81272,0.203,Q08234,P51533,pro_with_unknown_function
2281186,2281186,AF-P38716-F1-model_v3.pdb@@AF-P53101-F1-model_v3.pdb.txt,0.812395,0.247,P38716,P53101,pro_with_unknown_function
1468960,1468960,AF-P38716-F1-model_v3.pdb@@AF-P43623-F1-model_v3.pdb.txt,0.810975,0.232,P38716,P43623,pro_with_unknown_function
2806277,2806277,AF-P40355-F1-model_v3.pdb@@AF-P36044-F1-model_v3.pdb.txt,0.810565,0.434,P40355,P36044,pro_with_unknown_function
1439719,1439719,AF-Q3E7A0-F1-model_v3.pdb@@AF-P32903-F1-model_v3.pdb.txt,0.81055,0.128,Q3E7A0,P32903,pro_with_unknown_function
823044,823044,AF-Q08919-F1-model_v3.pdb@@AF-Q08693-F1-model_v3.pdb.txt,0.80758,0.447,Q08919,Q08693,pro_with_unknown_function
3753656,3753656,AF-Q35811-F1-model_v3.pdb@@AF-Q2V2P1-F1-model_v3.pdb.txt,0.807295,0.087,Q35811,Q2V2P1,pro_with_unknown_function
1286385,1286385,AF-Q8TGS5-F1-model_v3.pdb@@AF-Q99380-F1-model_v3.pdb.txt,0.8066150000000001,0.094,Q8TGS5,Q99380,pro_with_unknown_function
1004392,1004392,AF-Q04516-F1-model_v3.pdb@@AF-P38626-F1-model_v3.pdb.txt,0.805685,0.369,Q04516,P38626,pro_with_unknown_function
1479049,1479049,AF-P0C5K9-F1-model_v3.pdb@@AF-Q99380-F1-model_v3.pdb.txt,0.80513,0.074,P0C5K9,Q99380,pro_with_unknown_function
2460459,2460459,AF-P0C5P6-F1-model_v3.pdb@@AF-Q3E808-F1-model_v3.pdb.txt,0.80373,0.054,P0C5P6,Q3E808,pro_with_unknown_function
1381623,1381623,AF-Q3E778-F1-model_v3.pdb@@AF-Q3E808-F1-model_v3.pdb.txt,0.803255,0.0,Q3E778,Q3E808,pro_with_unknown_function
1131906,1131906,AF-P53912-F1-model_v3.pdb@@AF-P38230-F1-model_v3.pdb.txt,0.80152,0.224,P53912,P38230,pro_with_unknown_function
1405805,1405805,AF-Q3E767-F1-model_v3.pdb@@AF-P40975-F1-model_v3.pdb.txt,0.8014950000000001,0.0,Q3E767,P40975,pro_with_unknown_function
2519218,2519218,AF-Q12251-F1-model_v3.pdb@@AF-P18238-F1-model_v3.pdb.txt,0.80035,0.297,Q12251,P18238,pro_with_unknown_function
3774606,3774606,AF-P54007-F1-model_v3.pdb@@AF-P38230-F1-model_v3.pdb.txt,0.79835,0.227,P54007,P38230,pro_with_unknown_function
1420793,1420793,AF-P0CI67-F1-model_v3.pdb@@AF-Q6B2U8-F1-model_v3.pdb.txt,0.79737,0.848,P0CI67,Q6B2U8,pro_with_unknown_function
2563197,2563197,AF-P0C5R4-F1-model_v3.pdb@@AF-Q2V2P1-F1-model_v3.pdb.txt,0.797255,0.065,P0C5R4,Q2V2P1,pro_with_unknown_function
1970240,1970240,AF-P43617-F1-model_v3.pdb@@AF-P32332-F1-model_v3.pdb.txt,0.79701,0.216,P43617,P32332,pro_with_unknown_function
1496899,1496899,AF-Q3E767-F1-model_v3.pdb@@AF-P39103-F1-model_v3.pdb.txt,0.796995,0.109,Q3E767,P39103,pro_with_unknown_function
3024728,3024728,AF-Q3E787-F1-model_v3.pdb@@AF-P00856-F1-model_v3.pdb.txt,0.796925,0.149,Q3E787,P00856,pro_with_unknown_function
3461584,3461584,AF-P43617-F1-model_v3.pdb@@AF-P38152-F1-model_v3.pdb.txt,0.796625,0.322,P43617,P38152,pro_with_unknown_function
3243007,3243007,AF-Q3E778-F1-model_v3.pdb@@AF-P32903-F1-model_v3.pdb.txt,0.796385,0.176,Q3E778,P32903,pro_with_unknown_function
3020132,3020132,AF-P43617-F1-model_v3.pdb@@AF-Q07534-F1-model_v3.pdb.txt,0.7962100000000001,0.195,P43617,Q07534,pro_with_unknown_function
1229253,1229253,AF-Q3E804-F1-model_v3.pdb@@AF-Q2V2P1-F1-model_v3.pdb.txt,0.7959849999999999,0.055,Q3E804,Q2V2P1,pro_with_unknown_function
2460227,2460227,AF-Q3E809-F1-model_v3.pdb@@AF-P00856-F1-model_v3.pdb.txt,0.795245,0.021,Q3E809,P00856,pro_with_unknown_function
2224381,2224381,AF-P0C5K9-F1-model_v3.pdb@@AF-P0CX87-F1-model_v3.pdb.txt,0.795195,0.12,P0C5K9,P0CX87,pro_with_unknown_function
383276,383276,AF-Q12251-F1-model_v3.pdb@@AF-P38152-F1-model_v3.pdb.txt,0.795185,0.251,Q12251,P38152,pro_with_unknown_function
1374029,1374029,AF-P0C5R4-F1-model_v3.pdb@@AF-P40975-F1-model_v3.pdb.txt,0.79497,0.1,P0C5R4,P40975,pro_with_unknown_function
1742341,1742341,AF-P0C5K9-F1-model_v3.pdb@@AF-P0CX86-F1-model_v3.pdb.txt,0.794935,0.12,P0C5K9,P0CX86,pro_with_unknown_function
1593507,1593507,AF-Q12251-F1-model_v3.pdb@@AF-Q99297-F1-model_v3.pdb.txt,0.79371,0.241,Q12251,Q99297,pro_with_unknown_function
1164793,1164793,AF-Q12177-F1-model_v3.pdb@@AF-P53199-F1-model_v3.pdb.txt,0.79333,0.186,Q12177,P53199,pro_with_unknown_function
2252781,2252781,AF-P40579-F1-model_v3.pdb@@AF-Q05016-F1-model_v3.pdb.txt,0.79323,0.231,P40579,Q05016,pro_with_unknown_function
962677,962677,AF-P40445-F1-model_v3.pdb@@AF-P53322-F1-model_v3.pdb.txt,0.792525,0.195,P40445,P53322,pro_with_unknown_function
2657260,2657260,AF-Q12251-F1-model_v3.pdb@@AF-P40464-F1-model_v3.pdb.txt,0.790505,0.258,Q12251,P40464,pro_with_unknown_function
3355376,3355376,AF-P0C5N1-F1-model_v3.pdb@@AF-P39103-F1-model_v3.pdb.txt,0.78955,0.113,P0C5N1,P39103,pro_with_unknown_function
226137,226137,AF-P0C5S1-F1-model_v3.pdb@@AF-Q99380-F1-model_v3.pdb.txt,0.7889200000000001,0.115,P0C5S1,Q99380,pro_with_unknown_function
1198982,1198982,AF-Q12253-F1-model_v3.pdb@@AF-P53047-F1-model_v3.pdb.txt,0.788775,0.305,Q12253,P53047,pro_with_unknown_function
999326,999326,AF-P53929-F1-model_v3.pdb@@AF-Q12415-F1-model_v3.pdb.txt,0.788335,0.569,P53929,Q12415,pro_with_unknown_function
2376062,2376062,AF-Q3E7Z9-F1-model_v3.pdb@@AF-Q99380-F1-model_v3.pdb.txt,0.787895,0.129,Q3E7Z9,Q99380,pro_with_unknown_function
1598790,1598790,AF-Q3E765-F1-model_v3.pdb@@AF-P39103-F1-model_v3.pdb.txt,0.78772,0.078,Q3E765,P39103,pro_with_unknown_function
1588628,1588628,AF-Q8TGU8-F1-model_v3.pdb@@AF-P40975-F1-model_v3.pdb.txt,0.78755,0.125,Q8TGU8,P40975,pro_with_unknown_function
2476184,2476184,AF-P0C5R4-F1-model_v3.pdb@@AF-P32903-F1-model_v3.pdb.txt,0.7875449999999999,0.1,P0C5R4,P32903,pro_with_unknown_function
1764846,1764846,AF-Q3E762-F1-model_v3.pdb@@AF-P39103-F1-model_v3.pdb.txt,0.787535,0.111,Q3E762,P39103,pro_with_unknown_function
855858,855858,AF-Q3E765-F1-model_v3.pdb@@AF-Q2V2P1-F1-model_v3.pdb.txt,0.786915,0.017,Q3E765,Q2V2P1,pro_with_unknown_function
2643717,2643717,AF-Q3E7Z3-F1-model_v3.pdb@@AF-P32903-F1-model_v3.pdb.txt,0.7868900000000001,0.026,Q3E7Z3,P32903,pro_with_unknown_function
2866943,2866943,AF-Q12251-F1-model_v3.pdb@@AF-P32332-F1-model_v3.pdb.txt,0.786775,0.264,Q12251,P32332,pro_with_unknown_function
676533,676533,AF-Q12251-F1-model_v3.pdb@@AF-Q12375-F1-model_v3.pdb.txt,0.78668,0.245,Q12251,Q12375,pro_with_unknown_function
2901517,2901517,AF-Q12251-F1-model_v3.pdb@@AF-P04710-F1-model_v3.pdb.txt,0.785865,0.288,Q12251,P04710,pro_with_unknown_function
646816,646816,AF-Q3E767-F1-model_v3.pdb@@AF-Q99380-F1-model_v3.pdb.txt,0.78584,0.056,Q3E767,Q99380,pro_with_unknown_function
2172966,2172966,AF-P47137-F1-model_v3.pdb@@AF-Q02895-F1-model_v3.pdb.txt,0.78575,0.233,P47137,Q02895,pro_with_unknown_function
269149,269149,AF-Q12251-F1-model_v3.pdb@@AF-P23500-F1-model_v3.pdb.txt,0.785265,0.237,Q12251,P23500,pro_with_unknown_function
3684176,3684176,AF-Q35811-F1-model_v3.pdb@@AF-P40975-F1-model_v3.pdb.txt,0.785245,0.098,Q35811,P40975,pro_with_unknown_function
1187037,1187037,AF-Q3E767-F1-model_v3.pdb@@AF-Q2V2P1-F1-model_v3.pdb.txt,0.784705,0.065,Q3E767,Q2V2P1,pro_with_unknown_function
1766048,1766048,AF-Q45U18-F1-model_v3.pdb@@AF-Q2V2P1-F1-model_v3.pdb.txt,0.784015,0.033,Q45U18,Q2V2P1,pro_with_unknown_function
3406863,3406863,AF-Q12253-F1-model_v3.pdb@@AF-P40100-F1-model_v3.pdb.txt,0.782865,0.257,Q12253,P40100,pro_with_unknown_function
2644818,2644818,AF-P0C5M8-F1-model_v3.pdb@@AF-P32903-F1-model_v3.pdb.txt,0.7814099999999999,0.103,P0C5M8,P32903,pro_with_unknown_function
3533872,3533872,AF-P0C5Q3-F1-model_v3.pdb@@AF-P69852-F1-model_v3.pdb.txt,0.7812,0.122,P0C5Q3,P69852,pro_with_unknown_function
19326,19326,AF-P0C5M8-F1-model_v3.pdb@@AF-Q99380-F1-model_v3.pdb.txt,0.7812,0.034,P0C5M8,Q99380,pro_with_unknown_function
3132930,3132930,AF-Q12251-F1-model_v3.pdb@@AF-P10566-F1-model_v3.pdb.txt,0.7809299999999999,0.261,Q12251,P10566,pro_with_unknown_function
319973,319973,AF-P43617-F1-model_v3.pdb@@AF-P18238-F1-model_v3.pdb.txt,0.7806,0.195,P43617,P18238,pro_with_unknown_function
1001163,1001163,AF-P0C5R4-F1-model_v3.pdb@@AF-P39103-F1-model_v3.pdb.txt,0.7802800000000001,0.022,P0C5R4,P39103,pro_with_unknown_function
2052631,2052631,AF-P25608-F1-model_v3.pdb@@AF-P38230-F1-model_v3.pdb.txt,0.779535,0.214,P25608,P38230,pro_with_unknown_function
289473,289473,AF-Q8TGS5-F1-model_v3.pdb@@AF-P32903-F1-model_v3.pdb.txt,0.7792600000000001,0.086,Q8TGS5,P32903,pro_with_unknown_function
874232,874232,AF-P0C5R4-F1-model_v3.pdb@@AF-Q3E808-F1-model_v3.pdb.txt,0.77905,0.071,P0C5R4,Q3E808,pro_with_unknown_function
156807,156807,AF-Q12251-F1-model_v3.pdb@@AF-Q03028-F1-model_v3.pdb.txt,0.77825,0.233,Q12251,Q03028,pro_with_unknown_function
2556910,2556910,AF-Q04869-F1-model_v3.pdb@@AF-P04387-F1-model_v3.pdb.txt,0.7779,0.143,Q04869,P04387,pro_with_unknown_function
3026196,3026196,AF-Q03102-F1-model_v3.pdb@@AF-P38230-F1-model_v3.pdb.txt,0.7777799999999999,0.174,Q03102,P38230,pro_with_unknown_function
3131011,3131011,AF-P0C5M8-F1-model_v3.pdb@@AF-P0CX87-F1-model_v3.pdb.txt,0.77772,0.042,P0C5M8,P0CX87,pro_with_unknown_function
3318142,3318142,AF-P0C5M8-F1-model_v3.pdb@@AF-P0CX86-F1-model_v3.pdb.txt,0.7775449999999999,0.042,P0C5M8,P0CX86,pro_with_unknown_function
383323,383323,AF-P43617-F1-model_v3.pdb@@AF-Q04013-F1-model_v3.pdb.txt,0.776675,0.143,P43617,Q04013,pro_with_unknown_function
2875130,2875130,AF-P40445-F1-model_v3.pdb@@AF-Q07904-F1-model_v3.pdb.txt,0.77662,0.165,P40445,Q07904,pro_with_unknown_function
3171117,3171117,AF-Q06107-F1-model_v3.pdb@@AF-P47153-F1-model_v3.pdb.txt,0.776395,0.267,Q06107,P47153,pro_with_unknown_function
2391937,2391937,AF-Q3E767-F1-model_v3.pdb@@AF-P00856-F1-model_v3.pdb.txt,0.776295,0.109,Q3E767,P00856,pro_with_unknown_function
3292597,3292597,AF-Q35811-F1-model_v3.pdb@@AF-P32903-F1-model_v3.pdb.txt,0.7759100000000001,0.025,Q35811,P32903,pro_with_unknown_function
2076690,2076690,AF-Q03516-F1-model_v3.pdb@@AF-Q12252-F1-model_v3.pdb.txt,0.77525,0.367,Q03516,Q12252,pro_with_unknown_function
2689002,2689002,AF-Q08844-F1-model_v3.pdb@@AF-Q08967-F1-model_v3.pdb.txt,0.775235,0.34,Q08844,Q08967,pro_with_unknown_function
434720,434720,AF-P0C5P3-F1-model_v3.pdb@@AF-P0CX86-F1-model_v3.pdb.txt,0.775195,0.04,P0C5P3,P0CX86,pro_with_unknown_function
2223513,2223513,AF-Q3E843-F1-model_v3.pdb@@AF-Q99380-F1-model_v3.pdb.txt,0.7749,0.114,Q3E843,Q99380,pro_with_unknown_function
1404694,1404694,AF-P36086-F1-model_v3.pdb@@AF-Q05016-F1-model_v3.pdb.txt,0.77409,0.203,P36086,Q05016,pro_with_unknown_function
1519505,1519505,AF-Q3E7A0-F1-model_v3.pdb@@AF-Q99380-F1-model_v3.pdb.txt,0.773875,0.057,Q3E7A0,Q99380,pro_with_unknown_function
1651999,1651999,AF-Q3E7A6-F1-model_v3.pdb@@AF-Q99380-F1-model_v3.pdb.txt,0.77359,0.029,Q3E7A6,Q99380,pro_with_unknown_function
3165976,3165976,AF-P40579-F1-model_v3.pdb@@AF-P32573-F1-model_v3.pdb.txt,0.77272,0.233,P40579,P32573,pro_with_unknown_function
2409161,2409161,AF-P0C5P3-F1-model_v3.pdb@@AF-P0CX87-F1-model_v3.pdb.txt,0.7725500000000001,0.04,P0C5P3,P0CX87,pro_with_unknown_function
1832575,1832575,AF-Q35811-F1-model_v3.pdb@@AF-Q3E808-F1-model_v3.pdb.txt,0.772375,0.119,Q35811,Q3E808,pro_with_unknown_function
1175601,1175601,AF-P54007-F1-model_v3.pdb@@AF-P38113-F1-model_v3.pdb.txt,0.7717750000000001,0.194,P54007,P38113,pro_with_unknown_function
2468273,2468273,AF-P43617-F1-model_v3.pdb@@AF-P38921-F1-model_v3.pdb.txt,0.77144,0.226,P43617,P38921,pro_with_unknown_function
2895516,2895516,AF-P0CF18-F1-model_v3.pdb@@AF-P14742-F1-model_v3.pdb.txt,0.771355,0.614,P0CF18,P14742,pro_with_unknown_function
1359885,1359885,AF-Q35811-F1-model_v3.pdb@@AF-Q99380-F1-model_v3.pdb.txt,0.7712300000000001,0.0,Q35811,Q99380,pro_with_unknown_function
70443,70443,AF-Q12251-F1-model_v3.pdb@@AF-P39953-F1-model_v3.pdb.txt,0.771065,0.276,Q12251,P39953,pro_with_unknown_function
2934442,2934442,AF-Q12251-F1-model_v3.pdb@@AF-P18239-F1-model_v3.pdb.txt,0.77078,0.304,Q12251,P18239,pro_with_unknown_function
389487,389487,AF-P43617-F1-model_v3.pdb@@AF-P40464-F1-model_v3.pdb.txt,0.770685,0.175,P43617,P40464,pro_with_unknown_function
1415871,1415871,AF-Q3E821-F1-model_v3.pdb@@AF-P69851-F1-model_v3.pdb.txt,0.77067,0.075,Q3E821,P69851,pro_with_unknown_function
3641372,3641372,AF-Q3E7Z9-F1-model_v3.pdb@@AF-P40975-F1-model_v3.pdb.txt,0.76733,0.226,Q3E7Z9,P40975,pro_with_unknown_function
2849575,2849575,AF-P43617-F1-model_v3.pdb@@AF-P04710-F1-model_v3.pdb.txt,0.76695,0.215,P43617,P04710,pro_with_unknown_function
2552331,2552331,AF-Q12251-F1-model_v3.pdb@@AF-P32331-F1-model_v3.pdb.txt,0.766445,0.211,Q12251,P32331,pro_with_unknown_function
2591811,2591811,AF-Q12251-F1-model_v3.pdb@@AF-Q07534-F1-model_v3.pdb.txt,0.765815,0.222,Q12251,Q07534,pro_with_unknown_function
3569015,3569015,AF-Q9ZZX7-F1-model_v3.pdb@@AF-P38192-F1-model_v3.pdb.txt,0.765745,0.075,Q9ZZX7,P38192,pro_with_unknown_function
2703604,2703604,AF-P0C5R4-F1-model_v3.pdb@@AF-Q99380-F1-model_v3.pdb.txt,0.7655799999999999,0.111,P0C5R4,Q99380,pro_with_unknown_function
1686009,1686009,AF-P54007-F1-model_v3.pdb@@AF-P00330-F1-model_v3.pdb.txt,0.76498,0.153,P54007,P00330,pro_with_unknown_function
2265757,2265757,AF-P36086-F1-model_v3.pdb@@AF-P40471-F1-model_v3.pdb.txt,0.764915,0.2,P36086,P40471,pro_with_unknown_function
735387,735387,AF-P36086-F1-model_v3.pdb@@AF-P32573-F1-model_v3.pdb.txt,0.7648550000000001,0.16,P36086,P32573,pro_with_unknown_function
900554,900554,AF-P53912-F1-model_v3.pdb@@AF-P28625-F1-model_v3.pdb.txt,0.764845,0.196,P53912,P28625,pro_with_unknown_function
53614,53614,AF-P54007-F1-model_v3.pdb@@AF-P28625-F1-model_v3.pdb.txt,0.7646999999999999,0.172,P54007,P28625,pro_with_unknown_function
2038943,2038943,AF-P40445-F1-model_v3.pdb@@AF-P15365-F1-model_v3.pdb.txt,0.7646200000000001,0.181,P40445,P15365,pro_with_unknown_function
2312534,2312534,AF-P40579-F1-model_v3.pdb@@AF-P40471-F1-model_v3.pdb.txt,0.7644550000000001,0.236,P40579,P40471,pro_with_unknown_function
3632235,3632235,AF-P43617-F1-model_v3.pdb@@AF-Q03028-F1-model_v3.pdb.txt,0.76416,0.226,P43617,Q03028,pro_with_unknown_function
43598,43598,AF-P0C5N1-F1-model_v3.pdb@@AF-P32903-F1-model_v3.pdb.txt,0.763775,0.1,P0C5N1,P32903,pro_with_unknown_function
952033,952033,AF-Q3E767-F1-model_v3.pdb@@AF-Q3E808-F1-model_v3.pdb.txt,0.7636449999999999,0.024,Q3E767,Q3E808,pro_with_unknown_function
3711620,3711620,AF-Q3E765-F1-model_v3.pdb@@AF-Q3E772-F1-model_v3.pdb.txt,0.76362,0.071,Q3E765,Q3E772,pro_with_unknown_function
601634,601634,AF-P0C5Q3-F1-model_v3.pdb@@AF-Q2V2P1-F1-model_v3.pdb.txt,0.76362,0.125,P0C5Q3,Q2V2P1,pro_with_unknown_function
1650370,1650370,AF-Q08844-F1-model_v3.pdb@@AF-P53121-F1-model_v3.pdb.txt,0.763565,0.335,Q08844,P53121,pro_with_unknown_function
67365,67365,AF-P53912-F1-model_v3.pdb@@AF-P38113-F1-model_v3.pdb.txt,0.763165,0.182,P53912,P38113,pro_with_unknown_function
1699407,1699407,AF-P43617-F1-model_v3.pdb@@AF-Q99297-F1-model_v3.pdb.txt,0.7627,0.201,P43617,Q99297,pro_with_unknown_function
3362909,3362909,AF-P0C5L4-F1-model_v3.pdb@@AF-Q3E808-F1-model_v3.pdb.txt,0.761855,0.143,P0C5L4,Q3E808,pro_with_unknown_function
1003630,1003630,AF-Q04516-F1-model_v3.pdb@@AF-P36060-F1-model_v3.pdb.txt,0.761585,0.29,Q04516,P36060,pro_with_unknown_function
2204076,2204076,AF-Q3E7Z3-F1-model_v3.pdb@@AF-Q99380-F1-model_v3.pdb.txt,0.76154,0.028,Q3E7Z3,Q99380,pro_with_unknown_function
940574,940574,AF-Q3E821-F1-model_v3.pdb@@AF-P43682-F1-model_v3.pdb.txt,0.761385,0.076,Q3E821,P43682,pro_with_unknown_function
748006,748006,AF-P53932-F1-model_v3.pdb@@AF-Q99252-F1-model_v3.pdb.txt,0.761325,0.688,P53932,Q99252,pro_with_unknown_function
3642649,3642649,AF-Q3E7Z5-F1-model_v3.pdb@@AF-Q12248-F1-model_v3.pdb.txt,0.760995,0.076,Q3E7Z5,Q12248,pro_with_unknown_function
984702,984702,AF-Q3E809-F1-model_v3.pdb@@AF-P32903-F1-model_v3.pdb.txt,0.7609049999999999,0.025,Q3E809,P32903,pro_with_unknown_function
3385304,3385304,AF-P54007-F1-model_v3.pdb@@AF-P00331-F1-model_v3.pdb.txt,0.760435,0.155,P54007,P00331,pro_with_unknown_function
1654532,1654532,AF-Q8TGT0-F1-model_v3.pdb@@AF-Q2V2P1-F1-model_v3.pdb.txt,0.75995,0.04,Q8TGT0,Q2V2P1,pro_with_unknown_function
438872,438872,AF-Q3E782-F1-model_v3.pdb@@AF-Q2V2P1-F1-model_v3.pdb.txt,0.75969,0.106,Q3E782,Q2V2P1,pro_with_unknown_function
1494100,1494100,AF-P0C5N1-F1-model_v3.pdb@@AF-Q3E784-F1-model_v3.pdb.txt,0.758705,0.075,P0C5N1,Q3E784,pro_with_unknown_function
2284823,2284823,AF-P53912-F1-model_v3.pdb@@AF-P00330-F1-model_v3.pdb.txt,0.7586999999999999,0.176,P53912,P00330,pro_with_unknown_function
3770715,3770715,AF-Q12251-F1-model_v3.pdb@@AF-P38702-F1-model_v3.pdb.txt,0.757935,0.301,Q12251,P38702,pro_with_unknown_function
3662515,3662515,AF-Q8TGT1-F1-model_v3.pdb@@AF-P32903-F1-model_v3.pdb.txt,0.75776,0.075,Q8TGT1,P32903,pro_with_unknown_function
3455447,3455447,AF-Q3E809-F1-model_v3.pdb@@AF-P40975-F1-model_v3.pdb.txt,0.7572300000000001,0.116,Q3E809,P40975,pro_with_unknown_function
2772728,2772728,AF-P43617-F1-model_v3.pdb@@AF-P10566-F1-model_v3.pdb.txt,0.756885,0.206,P43617,P10566,pro_with_unknown_function
2384202,2384202,AF-P34251-F1-model_v3.pdb@@AF-Q08651-F1-model_v3.pdb.txt,0.756785,0.132,P34251,Q08651,pro_with_unknown_function
2543610,2543610,AF-Q3E778-F1-model_v3.pdb@@AF-P0CX86-F1-model_v3.pdb.txt,0.75658,0.04,Q3E778,P0CX86,pro_with_unknown_function
3318527,3318527,AF-Q12251-F1-model_v3.pdb@@AF-P53257-F1-model_v3.pdb.txt,0.75658,0.257,Q12251,P53257,pro_with_unknown_function
3441791,3441791,AF-P25608-F1-model_v3.pdb@@AF-P28625-F1-model_v3.pdb.txt,0.756035,0.172,P25608,P28625,pro_with_unknown_function
3730501,3730501,AF-P40169-F1-model_v3.pdb@@AF-Q07651-F1-model_v3.pdb.txt,0.756025,0.54,P40169,Q07651,pro_with_unknown_function
1540231,1540231,AF-Q3E804-F1-model_v3.pdb@@AF-P32903-F1-model_v3.pdb.txt,0.755945,0.05,Q3E804,P32903,pro_with_unknown_function
3637595,3637595,AF-Q12251-F1-model_v3.pdb@@AF-P38921-F1-model_v3.pdb.txt,0.7558,0.221,Q12251,P38921,pro_with_unknown_function
1592126,1592126,AF-Q3E7Z3-F1-model_v3.pdb@@AF-Q3E808-F1-model_v3.pdb.txt,0.755765,0.067,Q3E7Z3,Q3E808,pro_with_unknown_function
3595621,3595621,AF-P53912-F1-model_v3.pdb@@AF-P00331-F1-model_v3.pdb.txt,0.75413,0.176,P53912,P00331,pro_with_unknown_function
1730074,1730074,AF-P0C5N0-F1-model_v3.pdb@@AF-P00856-F1-model_v3.pdb.txt,0.75398,0.064,P0C5N0,P00856,pro_with_unknown_function
511964,511964,AF-P43617-F1-model_v3.pdb@@AF-P23500-F1-model_v3.pdb.txt,0.753835,0.207,P43617,P23500,pro_with_unknown_function
2548104,2548104,AF-P25608-F1-model_v3.pdb@@AF-P38113-F1-model_v3.pdb.txt,0.753795,0.184,P25608,P38113,pro_with_unknown_function
446789,446789,AF-Q3E762-F1-model_v3.pdb@@AF-P48836-F1-model_v3.pdb.txt,0.75378,0.091,Q3E762,P48836,pro_with_unknown_function
3219541,3219541,AF-P0C5N0-F1-model_v3.pdb@@AF-P69852-F1-model_v3.pdb.txt,0.753455,0.082,P0C5N0,P69852,pro_with_unknown_function
1105267,1105267,AF-Q07530-F1-model_v3.pdb@@AF-P40471-F1-model_v3.pdb.txt,0.75322,0.181,Q07530,P40471,pro_with_unknown_function
491285,491285,AF-Q12251-F1-model_v3.pdb@@AF-Q04013-F1-model_v3.pdb.txt,0.753145,0.168,Q12251,Q04013,pro_with_unknown_function
3103848,3103848,AF-P43617-F1-model_v3.pdb@@AF-Q12375-F1-model_v3.pdb.txt,0.752685,0.247,P43617,Q12375,pro_with_unknown_function
1618419,1618419,AF-Q3E804-F1-model_v3.pdb@@AF-P39103-F1-model_v3.pdb.txt,0.7525299999999999,0.038,Q3E804,P39103,pro_with_unknown_function
1898334,1898334,AF-Q3E7A0-F1-model_v3.pdb@@AF-P00856-F1-model_v3.pdb.txt,0.751845,0.051,Q3E7A0,P00856,pro_with_unknown_function
2830445,2830445,AF-P0C5N0-F1-model_v3.pdb@@AF-P69851-F1-model_v3.pdb.txt,0.751695,0.033,P0C5N0,P69851,pro_with_unknown_function
2662401,2662401,AF-P43617-F1-model_v3.pdb@@AF-P18239-F1-model_v3.pdb.txt,0.751675,0.196,P43617,P18239,pro_with_unknown_function
2760224,2760224,AF-Q3E778-F1-model_v3.pdb@@AF-P0CX87-F1-model_v3.pdb.txt,0.75161,0.04,Q3E778,P0CX87,pro_with_unknown_function
3679644,3679644,AF-Q3E762-F1-model_v3.pdb@@AF-Q3E772-F1-model_v3.pdb.txt,0.75145,0.061,Q3E762,Q3E772,pro_with_unknown_function
3690703,3690703,AF-Q3E7Z5-F1-model_v3.pdb@@AF-P69851-F1-model_v3.pdb.txt,0.7511300000000001,0.077,Q3E7Z5,P69851,pro_with_unknown_function
1014282,1014282,AF-P25608-F1-model_v3.pdb@@AF-P00330-F1-model_v3.pdb.txt,0.7510650000000001,0.155,P25608,P00330,pro_with_unknown_function
1291894,1291894,AF-P53918-F1-model_v3.pdb@@AF-P36032-F1-model_v3.pdb.txt,0.750525,0.275,P53918,P36032,pro_with_unknown_function
